"subj_code","condition","desktop_conf","attent_conf","comparison","order","case_1","case_2","subj_explanation","A_check","age","tech_issues","recorded_at"
"9YRqisDt51Fe",1,"1: I confirm","1: I will take it seriously","ic_cccf","ic left",30,30,"There is a 30% chance for birds that can produce the sound to find a mating partner.","correct",25,NA,2025-07-12 08:24:38
"2vurLCu4kuz5",1,"1: I confirm","1: I will take it seriously","ic_cccf","ic left",30,30,"Well, we can infer from both diagrams of the two population that a male bird that has the ability to produce a distinct sound has a 30 percent chance of finding a seasonal female mating partner, even when the factors involved are dependent or independent of each other.","correct",29,NA,2025-07-12 08:26:41
"WxIG6Vt66FZS",1,"1: I confirm","1: I will take it seriously","ic_cccf","ic left",40,61,"For the western, 20% will have the hormone, then the probability will be 0.2 x 0.9 + 0.8 x 0.3 = 42%. Same calculus for Eastern will be around 60%","correct",43,NA,2025-07-12 08:30:46
"bmjDSOLceid5",1,"1: I confirm","1: I will take it seriously","ic_cccf","ic left",30,90,"western has a 30% chance when they can make the sound. It doesnt matter if it has the gene or not.

Eastern - theres a 90% chance that the bird also has the gene which means it has a higher chance of also finding a partner","correct",29,NA,2025-07-12 08:44:26
"EPEUJ6aEbIPb",1,"1: I confirm","1: I will take it seriously","ic_cccf","ic left",30,90,"The western bird only produces the sound, which gives him a 30% chance of finding a mate, whereas it is more common for the eastern bird to also produce the hormone, and so his chances increase to 90%.","correct",51,NA,2025-07-12 08:45:36
"u8KrsXp1hELC",1,"1: I confirm","1: I will take it seriously","ic_cccf","ic left",30,90,"Its early in the morning so my brain is sleepy but it looks like having right hand side birds had a higher chance to attract mates due to the added bonus of sound and chemical balance where as the right hand side bird had the info on sound only?","correct",45,"all good!",2025-07-12 08:50:34
"jWTJy4bG2VwJ",1,"1: I confirm","1: I will take it seriously","ic_cccf","ic left",22,11,"For the western population, starting with 100% of birds 20% would have the hormone. Of the 20%, 90% would mate. 
Route 1 - 90% of 20% = 18%

Also, starting with 100% of the population, 20% would have the mating call. Of those 30% would mate. Route 2 - 30% of 20% = 6%

The bird could be in both populations and the chance of this is 6% of 18% = 1.08%

Therefore the chance of the bird mating is 18% + 6% = 24% - subtract 1.08% = 22.96% 

For the eastern population
20% of birds have the hormone. Of the 20% a further 90% can make the sound, which is 18% of those 30% will mate
Route 1 - 30% of (90% of 20%) = 5.4%

20% of birds will make the sound, of those 30% will mate (same as western)
Route 2 - 30% of 20% = 6%

The bird could be in both populations 5.4% of 6% = 0.324%

Therefore the chance of the bird mating is 5.4% + 6% = 11.4% - 0.324% = 11.076%

I chose 22% on the slider for the western population - this was an error, I should have chosen 23 (rounded from 22.96%)

I chose 11% on the slider for the eastern population (rounded from 11.076)","correct",44,NA,2025-07-12 09:09:47
"Jwqc5wUYZrK8",1,"1: I confirm","1: I will take it seriously","ic_cccf","ic left",20,0,"Western bird, i took the % from the dotted line leading to song and used that as my reference and for the eastern bird  i made the assumption that without more evidence relating to its hormone it was not possible to draw a sensible estimate.
Though in each case the likelihood is far higher than i indicated, as a significant number of the birds will have the hormone which will significantly increase their chance of reproductive success. The data shown does not describe the % likelihood of that.","correct",64,NA,2025-07-12 09:17:09
"DaaWEe6YcgUC",1,"1: I confirm","1: I will take it seriously","ic_cccf","ic left",50,100,"The first bird had a guaranteed 30% and based on the probability of the other factors I ranked it's chances at 50/50.

The second bird was already guaranteed 90% probability and with the other factors coming into play it's odds were pretty much 100%","correct",34,NA,2025-07-12 09:17:48
"grc4pq037pia",1,"1: I confirm","1: I will take it seriously","ic_cccf","ic left",30,81,"okey dokey... so for the first bird (the one from the Western side), I saw that he can make the special sound, which girls like. But I don’t know if he has the special hormone. In the Western group, the sound and hormone aren’t connected, so just because he can make the sound doesn’t mean he has the hormone. Since the sound gives him a 30% chance to get a mate, I picked 30.

the second bird (the Eastern one) also makes the sound. But over there the sound usually means the bird has the hormone too—like 90% of the time. The hormone gives you a big chance—90%—to get a mate. So most likely, he has both the sound and the hormone, which is really good. That’s why I said 84%, since it’s super likely he’ll get chosen.","correct",41,NA,2025-07-12 09:19:32
"vH5r9F8ty9hq",1,"1: I confirm","1: I will take it seriously","ic_cccf","ic left",20,20,"Because only 20% of the birds are able to produce the high pitched sound","correct",63,NA,2025-07-12 10:03:10
"GEWK7GyXnAwT",1,"1: I confirm","1: I will take it seriously","ic_cccf","ic left",31,80,"I think that the Eastern is more likely than the western. So I think the genetic mutation in eastern birds is a relevant factor.","correct",44,NA,2025-07-12 10:04:22
"TGAmQHuWs0sJ",1,"1: I confirm","1: I will take it seriously","ic_cccf","ic left",50,50,"For the Western one, .2x .3 = .5 and same for the Eastern.","correct",56,NA,2025-07-12 10:04:49
"SwoFGmaVHhBX",1,"1: I confirm","1: I will take it seriously","ic_cccf","ic left",24,100,"I added a few extra percentage points to the base rate of the Western population in order to account for the 20% of birds that have both the amino acid and the mating call. 

For the Eastern population, I thought if the birds could make the call then they have to have the amino acid. So whilst I've probably got the maths wrong, I thought the chances were high enough to make it 100% since the birds must have both the amino acid and the call.","correct",43,NA,2025-07-12 10:05:17
"zCSPfipru0HJ",1,"1: I confirm","1: I will take it seriously","ic_cccf","ic left",30,30,"both the eastern and the western birds have a 0.3 chance of finding a mating partner if they cn make the distinctive sound which is a 30% probability.","correct",34,NA,2025-07-12 10:06:29
"98Wv5kyjvMQt",1,"1: I confirm","1: I will take it seriously","ic_cccf","ic left",30,90,"Western had BOTH the hormone AND ability to produce the sound (plus the other random .2 possibility) while the Eastern has only the ability to sing.","correct",72,NA,2025-07-12 10:07:22
"n0cMKDj3pRU6",1,"1: I confirm","1: I will take it seriously","ic_cccf","ic left",42,62,"I based my ratings on the known probabilities of mating success from producing the distinct sound and the likelihood of also having Amino-Regulin in each population.","correct",41,NA,2025-07-12 10:07:54
"qMjykIgWufzm",1,"1: I confirm","1: I will take it seriously","ic_cccf","ic left",70,80,"i feel that the eastern on is able to match quicker than a western. ","correct",21,NA,2025-07-12 10:13:00
"RkGNOFyfuA3p",1,"1: I confirm","1: I will take it seriously","ic_cccf","ic left",30,62,"The Western bird has a 30% chance since it can make the sound. The Eastern bird has a 62% chance because making the sound means it also has the helpful hormones. ","correct",30,"No",2025-07-12 10:13:02
"d2h8y0Q48Cf1",1,"1: I confirm","1: I will take it seriously","ic_cccf","ic left",42,62,"I based my ratings on the known probabilities of mating success from sound production and the likelihood of having Amino-Regulin in each population, accounting for their different causal structures.","correct",38,NA,2025-07-12 10:13:31
"xrK03ZMpHsBl",1,"1: I confirm","1: I will take it seriously","ic_cccf","ic left",20,90,"I selected the ratings based on what I think I learned from the previous two screens that explained what the numbers meant","correct",52,NA,2025-07-12 10:47:13
"jvneKHNbQE8o",1,"1: I confirm","1: I will take it seriously","ic_cccf","ic left",42,61,"My reasoning behind the computed probability of the success of mating between the two male birds lies in the weighted-average of the probability that either bird has (or does not have) the Amino-Regulin hormone added together with the fact that the two birds have the capability to produce a unique sound, all within the distinct causal structures (independent vs. dependent) and the numerical probability that is given per species (population of the birds).
","correct",24,"The study was clear and great.",2025-07-12 10:48:01
"tRbCJuM3OpAy",1,"1: I confirm","1: I will take it seriously","ic_cccf","ic left",30,30,"Both birds we know can produce sound which contributes a 30% chance of finding a mate. We don't know if they have the hormone or not so both have a 30% chance","correct",28,NA,2025-07-12 10:49:14
"G3c3WeKUbUlC",1,"1: I confirm","1: I will take it seriously","ic_cccf","ic left",60,90,"For the Western male bird, I estimated a 60% chance because there is a 30% chance without Amino-Regulin and a 90% chance with it, so averaging the two possibilities gives that probability, while the Eastern male has a 90% chance due to both the distinct sound and Amino-Regulin being present.","correct",37,NA,2025-07-12 10:50:31
"hEOK8gJLxYSW",1,"1: I confirm","1: I will take it seriously","ic_cccf","ic left",42,61,"I estimated each bird’s mating probability by combining the direct effect of sound production with the likelihood of also having Amino-Regulin, based on their population’s causal structure and base rates.","correct",24,NA,2025-07-12 10:51:37
"i9AZjYpXeWX2",1,"1: I confirm","1: I will take it seriously","ic_cccf","ic left",70,90,"The bird from the eastern region was more likely to find a mate","correct",33,NA,2025-07-12 11:01:18
"OTZ9P2SR0cRd",1,"1: I confirm","1: I will take it seriously","ic_cccf","ic left",30,90,"The western bird will have a 30% chance because it can produce the sound even if it doesn't have the hormone.  For the eastern bird yhis is 90%","correct",65,NA,2025-07-12 11:02:10
"2lp2IUUUB6Br",1,"1: I confirm","1: I will take it seriously","ic_cccf","ic left",30,30,"The first one seemed to just be asking for the 0.3 figure so I gave that. There was no dependency on the bio thing. The second one I'm not sure as I thought perhaps the 0.3 figure would be affected by the need for both items, the dependency. But I couldn't think how. I feel like I should know this though.","correct",60,NA,2025-07-12 11:15:46
"poxLLiIhiHcC",1,"1: I confirm","1: I will take it seriously","ic_cccf","ic left",50,60,"Would there be a higher percentage for the right graph as there are two 0.9 streams entering the distinctive sound box? I think I understand it correctly!","correct",26,"N/A - However, I did find the main task quite challenging.",2025-07-12 11:17:11
"87UYoYO8XmWo",1,"1: I confirm","1: I will take it seriously","ic_cccf","ic left",70,70,"It appeared that, all factors being equal, one bird did not have a distinct advantage over the other, so I have them them same probability. ","correct",50,NA,2025-07-12 11:19:26
"C2uBLv8uXEjt",1,"1: I confirm","1: I will take it seriously","ic_cccf","ic left",30,90,"There is a 30% chance that the bird from western side and with the sound will get a mate. There's a 90% chance that a bad from the Eastern side will get a mate if it has the hormone.","correct",31,NA,2025-07-12 11:20:19
"udI0koC0UBN3",1,"1: I confirm","1: I will take it seriously","ic_cccf","ic left",42,42,"both birds have a 42% matching chance (0.2 x 0.9) = (0.8 x 0.3) given their sound ability and unknown","correct",26,NA,2025-07-12 11:23:38
"NUeNhBSys2J0",1,"1: I confirm","1: I will take it seriously","ic_cccf","ic left",42,62,"I gave the Western bird a 42% chance because while it can produce the sound, there's only a 20% chance it also has the hormone, and the two traits are unrelated in that population. For the Eastern bird, the ability to produce the sound makes it more likely he has the hormone too, so I estimated a higher probability of 62%.","correct",46,NA,2025-07-12 11:23:42
"kDKaLOBnh43D",1,"1: I confirm","1: I will take it seriously","ic_cccf","ic left",30,30,"Because the two birds have not been determined to currently have the hormone factor, each only has the 30% mating possibility. This can change once the birds have been tested.","correct",43,NA,2025-07-12 11:36:49
"NjnPbA70WLus",1,"1: I confirm","1: I will take it seriously","ic_cccf","ic left",30,30,"The diagrams showed that being able to make a distinct sound had a 30% chance of attracting a mate. While there is a 90% chance that the Eastern bird's ability is based on having the amino-regulin, this isn't certain, so it's safer to also assume it only has a 30% chance based on its sound ability..","correct",28,NA,2025-07-12 11:56:46
"AVpCjyfPNOv7",1,"1: I confirm","1: I will take it seriously","ic_cccf","ic left",30,30,"Going from note-producing ability to finding a mate, both had a 0.3 (30%) chance as indicated by the arrow.","correct",37,NA,2025-07-12 12:26:37
"hKmFKRCyKEiw",1,"1: I confirm","1: I will take it seriously","ic_cccf","ic left",90,90,"Since both populations share the same characteristics they share the same odds of finding a mate.","correct",46,NA,2025-07-12 12:26:43
"7Wv2wLs9Z8K2",1,"1: I confirm","1: I will take it seriously","ic_cccf","ic left",30,90,"the reason i chose that is because the western bird ability is independent meaning that he may not have the amino stuff. but the eastern birds own is dependent and has a higher chance of having both","correct",45,NA,2025-07-12 12:26:45
"NWP3aC9hVZsm",1,"1: I confirm","1: I will take it seriously","ic_cccf","ic left",30,81,"I selected 30% for the Western bird, as the bird can make the sound but the hormone level is unknown. This might slightly lower than it should be as it is possible that the bird also carries the hormone, but it is difficult to make a calculation without a more certain probability. 

I selected 81% for the Eastern bird, as if it can make the sound, it is 90% likely to carry the hormone, and the hormone has 90% chance of attracting a partner. 0.9*0.9 is 0.81, or 81%.","correct",47,NA,2025-07-12 12:28:49
"KfzEt8YNEqGc",1,"1: I confirm","1: I will take it seriously","ic_cccf","ic left",30,90,"It is much more likely that the Eastern bird had the amino-regulin than the Western bird based on the statistics from the graphs.","correct",53,"no problems",2025-07-12 12:30:19
"p5KBwXvChC7T",1,"1: I confirm","1: I will take it seriously","ic_cccf","ic left",30,30,"Both birds were able to produce the sound, but information about the genetic marker was unknown, meaning in both populations the chance of mating was 30%","correct",30,NA,2025-07-12 12:30:24
"vQUpdXjkpiyF",1,"1: I confirm","1: I will take it seriously","ic_cccf","ic left",48,98,"For Bird #98 (Western Population), I selected approximately 48%.  This bird can make a distinctive call, which provides it a 30% chance of finding a partner.  There's also a 20% chance it contains Amino-Regulin, which would enhance the likelihood to 90% if present.  When these factors are combined, the overall result is approximately 48%.

For Bird #201 (Eastern Population), I selected approximately 98%.  The ability to make the sound indicates that this group contains Amino-Regulin (90% possibility).  The hormone increases mating success both directly and indirectly, so the overall chance is quite high — almost definite, according to my estimate of 98%.","correct",55,NA,2025-07-12 12:30:38
"nyEzxyl5Thzu",1,"1: I confirm","1: I will take it seriously","ic_cccf","ic left",38,66,"I feel like I went with the most logical reason considering the percentages given. I was able to narrow it down to the amino regulin ratios in order to guess an average.","correct",28,"n/a",2025-07-12 12:31:54
"wMB7n7yDV6dz",1,"1: I confirm","1: I will take it seriously","ic_cccf","ic left",40,80,"The eastern population had a higher chance than the western population to be from that particular blood connection. Although both the western and eastern could produce the sound the eastern had a higher chance to in turn had a high probabilty than western to find a mate.","correct",27,NA,2025-07-14 11:00:14
"jOJ6AQ8qsYOS",1,"1: I confirm","1: I will take it seriously","ic_cccf","ic left",51,89,"As I recall if the eastern bird has the ability to make the call it has the amino regulion so the chances to find a partner are higher.","correct",42,NA,2025-07-14 11:00:22
"07QrzWPOAb32",1,"1: I confirm","1: I will take it seriously","ic_cccf","ic left",31,80,"i tried to take into consideration the number/percabtages that were linked to each reasoning a female bird would be attracted","correct",20,NA,2025-07-14 11:00:27
"vAJdzvNyET5k",1,"1: I confirm","1: I will take it seriously","ic_cccf","ic left",30,30,"Both birds already have the ability to produce the attractive sound for mating which guarantees a 30% chance of success.","correct",28,NA,2025-07-14 11:00:28
"MtDKrkjJLt0c",1,"1: I confirm","1: I will take it seriously","ic_cccf","ic left",30,30,"I looked at the numbers on the solid lines on the images I had seen previously and determined that those numbers equated to the % of how likely the bird would be to find a mating partner","correct",21,NA,2025-07-14 11:04:20
"lAGQtt8l3vPn",1,"1: I confirm","1: I will take it seriously","ic_cccf","ic left",67,64,"since they both produce distinct sound, they have the ability to attract female partner","correct",32,"nil",2025-07-14 11:14:55
"4Z5cxSPjpl2T",1,"1: I confirm","1: I will take it seriously","ic_cccf","ic left",58,81,"Because the western bird has one arrow and eastern has two.","correct",28,"NONE",2025-07-14 11:21:29
"sHRJSXMkL96b",1,"1: I confirm","1: I will take it seriously","ic_cccf","ic left",30,40,"I recall that the Western birds had a 0.3 sound score, indicating a 30% likelihood of finding a mating partner solely through the sound. However, I remember the Eastern birds possibly having a slight advantage if they have the amino acid in their blood (more likely for Eastern birds). Therefore, that bumped up my percentage for that one.","correct",26,NA,2025-07-14 11:24:18
"f8VQaPxTdSEw",2,"1: I confirm","1: I will take it seriously","ic_cccf","cccf left",30,30,"The chance of finding a mating partner in both cases cannot take into account the hormone because the value of the hormone is unknown. Therefore, only the distinct sound is a determining factor in both cases and this leads to a 30% chance for both cases.","correct",34,NA,2025-07-12 08:22:42
"wKqMLs1v5OiV",2,"1: I confirm","1: I will take it seriously","ic_cccf","cccf left",60,70,"There is very little difference between the to options however, I chose the rating that includes the ability to produce a distinct high pitched sound as this has an avantage.","correct",63,"None",2025-07-12 08:23:07
"0ch5kCayC9Pz",2,"1: I confirm","1: I will take it seriously","ic_cccf","cccf left",30,30,"because thats the probabilitly of them finding a mate based on that alone","correct",46,NA,2025-07-12 08:25:29
"Mefp81c7c88Y",2,"1: I confirm","1: I will take it seriously","ic_cccf","cccf left",34,78,"I gave Western Bird 78% chance because he can produce the sound, and there's high likelihood he also has hormone, while eastern bird has a 34% chance because he can also produce sound but smaller, independent chance that he will has hormone.","correct",24,NA,2025-07-12 08:28:34
"1bsSHS1knckY",2,"1: I confirm","1: I will take it seriously","ic_cccf","cccf left",30,30,"According to the card from the scientist, both the Eastern and Western bird both show that they have the ability to use sound to attract their mate, but at the same time, the hormone to attract their mate has not been determined. Therefore, there is only a 30% chance (0.3) that they can definitely only attract their female mate through their call/voice. Please note that the other factors were not included in the equation, because the other factors were not mentioned on the card.","correct",53,NA,2025-07-12 08:31:31
"lZN947uVRhk7",2,"1: I confirm","1: I will take it seriously","ic_cccf","cccf left",30,30,"The bird with the ability to produce the distinct sound has a 30% chance of finding a mating partner.","correct",44,NA,2025-07-12 08:44:31
"8qHsIrZ9USBD",2,"1: I confirm","1: I will take it seriously","ic_cccf","cccf left",40,60,"Bird #98 is from the Western population, where producing the distinct sound is strongly linked to having the hormone Amino-Regulin. Since he can make the sound, it’s likely he also has the hormone, increasing his overall chance of finding a mate.
Bird #201 is from the Eastern population, where sound and hormone are independent, so his ability to make the sound doesn’t change the low  chance he has the hormone. 
As a result, Bird #98 has a higher probability of finding a mate than Bird #201.","correct",33,NA,2025-07-12 08:45:11
"UhLBnQllqagQ",2,"1: I confirm","1: I will take it seriously","ic_cccf","cccf left",30,90,"The first bird probably has the gene because it has the sound, and if it has the gene it has a 90% chance. The second bird might have the gene but it is not linked to the sound. Since the gene it unlikely, based solely on the sound, there is 30% chance.","correct",24,NA,2025-07-12 08:46:34
"LxzcjntLkxim",2,"1: I confirm","1: I will take it seriously","ic_cccf","cccf left",20,90,"As the western population have a higher likelihood of mating due to other factors whereas the eastern birds are not as likely due to the genetics ","correct",20,NA,2025-07-12 09:13:44
"RmKGeeei2HrL",2,"1: I confirm","1: I will take it seriously","ic_cccf","cccf left",30,30,"We do not know if either bird has the AR blood but we do know there is a 30% chance that they both have the sound that will find a partner ","correct",60,NA,2025-07-12 09:18:49
"C4gGsjBqPm51",2,"1: I confirm","1: I will take it seriously","ic_cccf","cccf left",50,50,"as one of the things was unknown i came to the conclusion that they would both have a 50 percent chance of finding a mate","correct",33,NA,2025-07-12 09:23:42
"Xyek468IuKO8",2,"1: I confirm","1: I will take it seriously","ic_cccf","cccf left",62,36,"Multiplied all the %s together. Did it again. It is more likely that Bird B will find a mate - if singing isn't the reason it gets a mate, there is still a chance for Eastern one must assume 50% chance of the other major factor being present.","correct",65,NA,2025-07-12 10:02:57
"adi30IKxMMvf",2,"1: I confirm","1: I will take it seriously","ic_cccf","cccf left",50,80,"Due to the arrow linking from the presence of amino regulation on the western population given 0.9 given to the ability to produce 90% distinct sound therefore the male is well producing.
the value of 0.2 in the Eastern population pointing to the ability to produce distinct sound indicates only 20% of all males are well producing. ","correct",25,"NIL",2025-07-12 10:04:01
"YXokPaMKylGw",2,"1: I confirm","1: I will take it seriously","ic_cccf","cccf left",90,80,"For the Western male bird (#98), the ability to produce the distinct sound depends on the presence of the hormone Amino Regulin. Since this bird can produce the sound, it is very likely that it also has the hormone. Both traits independently lead to finding a mating partner, so the probability is high, around 90 to 100 percent.

For the Eastern male bird (#201), the sound production and the presence of Amino Regulin are independent. This bird already produces the sound, and in the Eastern population, having just one of the traits is enough to attract a mate. Therefore, the probability of finding a seasonal mating partner is 100 percent.","correct",35,NA,2025-07-12 10:04:10
"M7FkyA8PUSDB",2,"1: I confirm","1: I will take it seriously","ic_cccf","cccf left",30,30,"The western male birds have a dependent characteristic of having a distinct sound which attracts mates which has 30% chance of mate attraction. While the eastern male bird has an independent characteristic of having a distinct sound to attract mates with a chance/probability of 30%.","correct",28,NA,2025-07-12 10:05:18
"qOeKuTphQHWM",2,"1: I confirm","1: I will take it seriously","ic_cccf","cccf left",17,29,"The left male bird from the western population will not likely find a mating partner as it is not well considered by the scientists while the eastern also will not also likely to find a mating partner as they will oftenly distribute evenly the amino-regulin.","correct",39,"no",2025-07-12 10:06:39
"RiBEvSlCjpzw",2,"1: I confirm","1: I will take it seriously","ic_cccf","cccf left",99,55,"The Eastern bird is independent and the Western bird is dependent to posses the two qualities to enable it to mate. ","correct",23,NA,2025-07-12 10:07:17
"Qi5Pu2YJardw",2,"1: I confirm","1: I will take it seriously","ic_cccf","cccf left",30,30,"In both scenarios, the birds have a 30% chance of finding a mating partner considering that they can produce the distinct sound.","correct",24,NA,2025-07-12 10:08:57
"qawa3ux87oEp",2,"1: I confirm","1: I will take it seriously","ic_cccf","cccf left",34,55,"The Western bird has the sound ability, which is directly proportional to having the amino blood, which gives it a higher chance of finding a mating partner than the Eastern bird.","correct",36,"N/A",2025-07-12 10:11:17
"Zyn3J15uNhCL",2,"1: I confirm","1: I will take it seriously","ic_cccf","cccf left",47,75,"i chose a higher rating for the western bird population because they produce a distinct sound meaning they have the present of amino-regulin in their hormone hence find a seasonal mating partner is high unlike the eastern bird population   ","correct",54,NA,2025-07-12 10:20:09
"QRy3ujaln9ZE",2,"1: I confirm","1: I will take it seriously","ic_cccf","cccf left",40,45,"I wrote that the first male bird from the western population will have a higher chance of finding birding a mating partner because the probability of these population having the hormone and producing the sound at same time is higher compared to the eastern population","correct",55,"None",2025-07-12 10:47:51
"uBEIoMdUqw3v",2,"1: I confirm","1: I will take it seriously","ic_cccf","cccf left",48,48,"I RATED BOTH BIRDS 48% BACAUSE EACH HAS THE ABILITY TO PRODUCE DISTINCT SOUND, WHICH ALONE GIVES A 30% CHANCE OF ATTRACTING A MATE. ALTHOUGH THEIR AMINO-REGULIN STATUS IS UNKNOWN, THERE'S A 20% CHANCE THEY HAVE THE HORMONE, WHICH WOULD ADD A 90% CHANCE OF SUCCESS. S0 0.2 X 0.9=0.18. ADDING THIS TO THE 0.3 GIVES A TOTAL ESTIMATED PROBABILITY OF 0.48 OR 48% FOR BOTH BIRDS. THE SOUND AND HORMONE ARE INDEPENDENT IN THE EASTERN POPULATION AND DEPENDENT IN THE WESTERN ONE, BUT SINCE THE BIRDS ALREADY HAVE SOUND ABILITY, THE HORMONE ADDS THE SAME EXPECTED CONTRIBUTION IN BOTH CASES.","correct",41,"NONE, WAS A GREAT STUDY",2025-07-12 10:48:56
"KSH5RYKsjCSb",2,"1: I confirm","1: I will take it seriously","ic_cccf","cccf left",46,57,"I am a bit rusty with my probability skills. All I did was add up each of probabilities except for the first various factors that led to the hormone. So for the western population I added up the 4 values and divided by  4.","correct",23,NA,2025-07-12 10:49:15
"aSxLdlm9mppo",2,"1: I confirm","1: I will take it seriously","ic_cccf","cccf left",42,42,"Each bird has a 30% chance from sound alone, plus a 20% chance of also having the hormone (which raises it to 90%). Combining those: 0.2 × 90% + 0.8 × 30% = 42%.","correct",35,NA,2025-07-12 10:50:34
"Hho1RejurPmO",2,"1: I confirm","1: I will take it seriously","ic_cccf","cccf left",20,90,"I used the ratings from the first study done that took blood samples","correct",60,"Excellent study. No issues at all.",2025-07-12 10:51:26
"xA6naTXH8EDU",2,"1: I confirm","1: I will take it seriously","ic_cccf","cccf left",50,80,"Both birds could produce sound but had an undetermined factor of whether they had the hormone. The western birds' sound is dependent on the hormone which I concluded it probably had the hormone because of the presence of this ability. Therefore it had a higher chance of mating overall. The Eastern bird can produce sound independently from the hormone so it is difficult to determine whether it has the hormone before testing for it. This therefore affected my rating of the chance of it mating overall and it was ultimately lower than that of the Western bird.","correct",19,NA,2025-07-12 10:52:17
"EuiJRN8nBsDZ",2,"1: I confirm","1: I will take it seriously","ic_cccf","cccf left",30,30,"I used the arrow/line going from the mating call to finding a partner which was 0.3. I think that to get a mate in the bird world you have to do a mating call which is 30%","correct",35,NA,2025-07-12 10:56:33
"eYIFGjfUPn0U",2,"1: I confirm","1: I will take it seriously","ic_cccf","cccf left",90,90,"For the Western bird, I gave a 90% chance of finding a mate because he can produce the distinct sound—and in the Western population, that ability only happens if the bird has the Amino-Regulin hormone. So if he can make the sound, he most likely has the hormone too. Since either one of those traits is enough to attract a female, and he probably has both, I felt pretty confident with the 90% estimate.

For the Eastern bird, I also went with 90% because even though we don’t know if he has the hormone, we do know he can make the distinct sound. In the Eastern population, sound and hormone are unrelated, so just having the sound is already a strong signal to females. Since that alone gives him a high chance of finding a mate, 90% seemed like a solid estimate for him too.","correct",36,NA,2025-07-12 10:59:41
"WG9fkJPvsL0T",2,"1: I confirm","1: I will take it seriously","ic_cccf","cccf left",49,90,"For the Western Population Male, I rated the probability at 90% because his ability to produce sound gives him a 30% chance, and the presence of Amino Regulin is likely to increase this probability, as they are linked in this population. while i rated the Eastern Population male ecause his sound production gives him a 30% chance, but since sound production and Amino-Regulin are independent, the chances depend on whether he has the hormone, which we don’t know.","correct",23,NA,2025-07-12 11:06:03
"SZGyyHvTezTV",2,"1: I confirm","1: I will take it seriously","ic_cccf","cccf left",43,64,"I found the weighted average given the info from the diagrams. So like for example (20% × 93%) + (80% × 30%) = (0.20 × 0.93) + (0.80 × 0.30) = 0.186 + 0.24 = 0.43 so 43%.","correct",21,NA,2025-07-12 11:11:23
"grRfDIEMwKAq",2,"1: I confirm","1: I will take it seriously","ic_cccf","cccf left",30,30,"Due to only knowing that the factor about the birds is that they can produce a song it signals only a 30% chance based on the data.","correct",32,NA,2025-07-12 11:15:49
"qRMaIcVBaawx",2,"1: I confirm","1: I will take it seriously","ic_cccf","cccf left",64,85,"The Western bird has a high probability due to its various ratings","correct",41,NA,2025-07-12 11:16:05
"9RhoedOxIQAp",2,"1: I confirm","1: I will take it seriously","ic_cccf","cccf left",86,90,"they both can produce the sound","correct",54,NA,2025-07-12 11:17:06
"0kkeqp3ZBdjw",2,"1: I confirm","1: I will take it seriously","ic_cccf","cccf left",76,100,"i think bird on left had better chance by looking at the chart and bird 2/right side had a good chance too just not as high as bird1/left side","correct",38,NA,2025-07-12 11:19:28
"jmd7qOogVeLk",2,"1: I confirm","1: I will take it seriously","ic_cccf","cccf left",51,62,"It depends whether or not the birds are from the Eastern or Western population, however since both male birds could make the distinct sound this increased their liklihood of mating however my rating could not be any higher as we do not know their species. ","correct",38,NA,2025-07-12 11:22:27
"VcBNCkJGvJ1J",2,"1: I confirm","1: I will take it seriously","ic_cccf","cccf left",20,20,"The information given on the previous page stated that both birds would have a 20% chance of finding a mate so that is why I chose this amount.","correct",67,NA,2025-07-12 11:25:44
"mp4lUffzXHsh",2,"1: I confirm","1: I will take it seriously","ic_cccf","cccf left",30,30,"Both males are able to produce the distinct sounds, which results in them having a 30% chance of finding a seasonal mate irrespective of which population they are from.","correct",40,NA,2025-07-12 11:40:02
"tu34bFiYCfSA",2,"1: I confirm","1: I will take it seriously","ic_cccf","cccf left",50,90,"The eastern bird I took the unspecified factors with the ability to make a distinct sound so I gave him a 50% chance of getting a mate, But all information shows that the western bird has almost everything in his vafor and I was thinking of giving him a 100% chance but because I am unsure about the Amino-Regulin in his blood I gave him a 90% chance based on the information that we have.","correct",45,NA,2025-07-12 11:51:01
"OmxrdVLnqLrj",2,"1: I confirm","1: I will take it seriously","ic_cccf","cccf left",30,90,"the western bird species, producing of the distinct sound is genetically linked to the presence of the hormone. this makes the bird have a higher probability (90%) of having a mate
In the eastern bird, there is no relation between having distinct voice and the hormone. working with only the ability of the bird to produce the distinct voice, it has a 30% chance of finding a seasonal mate","correct",26,"None",2025-07-12 12:26:39
"YRGBkNvJKsAv",2,"1: I confirm","1: I will take it seriously","ic_cccf","cccf left",70,74,"From what I gathered I added the numbers up, by looking at both the unknown and original pictures and converted them to percentages by what they had","correct",22,NA,2025-07-12 12:26:40
"jNAhY4f5P8KS",2,"1: I confirm","1: I will take it seriously","ic_cccf","cccf left",30,30,"The probability based on the gene is unknown, and so the only known probability is based on the sound alone. In both populations, the sound alone is a 0.3 (30%) change of finding a partner. Therefore, with the information in hand, both birds have at least an estimated 30% change of finding a mating partner.","correct",33,NA,2025-07-12 12:26:46
"DBzlSA7oqUdV",2,"1: I confirm","1: I will take it seriously","ic_cccf","cccf left",30,30,"both had 0.3 on the arrow from sound > mating so both have a 30% chance ","correct",34,NA,2025-07-12 12:26:51
"WQXZ4KU7ZThB",2,"1: I confirm","1: I will take it seriously","ic_cccf","cccf left",30,30,"I found this a bit hard to follow, but I think that th ability to produce the sound meant there was a 30% chance of finding a mate. Whatever the probability of whether the western bird had the right blood cells (I forget the proper term), it was already confirmed that it was able to produce the sound so this 'upstream' probability is effectively moot in this question.","correct",30,NA,2025-07-12 12:27:09
"OfSAr5Zz03Xg",2,"1: I confirm","1: I will take it seriously","ic_cccf","cccf left",90,90,"Based on the previous graph that was my estimate ","correct",47,"None ",2025-07-12 12:30:17
"QVOgqlbRsxM5",2,"1: I confirm","1: I will take it seriously","ic_cccf","cccf left",50,45,"I attempted to weigh the statistical probabilities for the different outcomes together for the two different bird species in order to come up with the final percentage. Specifically, I tried to work out what percentage chances would be affected by earlier percentages, worked out those transformations, and then tried to add the final ones together.","correct",32,NA,2025-07-12 12:30:25
"qj9bcVsx66NM",2,"1: I confirm","1: I will take it seriously","ic_cccf","cccf left",20,20,"Well when there are so many details there are almost too much facts in a sort period of time so I have all these numbers floating in my head like 90%, 20%. I think too much info makes it harder. I put 20% because the last section talked about how both could have this chance. I am not a math person since I am more right brained so this type of work if very hard for me to grasp. This was my best judgement.","correct",51,"There were no errors. Thanks",2025-07-12 12:30:58
"nwE1VZ3bmxid",2,"1: I confirm","1: I will take it seriously","ic_cccf","cccf left",30,90,"The eastern bird had less chance of finding a partner because it did not have the mutation to be able to produce the hormone the female birds are attracted to. The bird from the western group would have this hormone so that would make it more attractive to the females. ","correct",57,NA,2025-07-12 12:35:18
"VQAkNcsucM04",2,"1: I confirm","1: I will take it seriously","ic_cccf","cccf left",80,72,"Hard to calculate with so many unknowns but the Eastern variant does not rely on the Hormone linked to the song ability so I gave it a higher rating","correct",67,NA,2025-07-14 11:05:46
"f5HMbiwApwMl",2,"1: I confirm","1: I will take it seriously","ic_cccf","cccf left",30,90,"it looks as though without the hormone there is a lesser chance of mating ","correct",62,NA,2025-07-14 11:06:18
"HQLm5tQdfU4I",2,"1: I confirm","1: I will take it seriously","ic_cccf","cccf left",30,30,"They can both produce the sound which gives them a base 30% chance to gain a mate","correct",23,NA,2025-07-14 11:06:28
"mlxDt0w2fqHw",2,"1: I confirm","1: I will take it seriously","ic_cccf","cccf left",65,91,"Well as the Eastern birds don't all have the ability to make mating sounds which is what attracts the females and makes them interested i'd say that would give them a significantly less chance of finding a mate. where as the Western birds already have the benefit factors and higher probability.  ","correct",19,NA,2025-07-14 11:07:04
"HfwrNpASP8oh",3,"1: I confirm","1: I will take it seriously","sl_cc","sl left",50,100,"The eastern bird had a huge advantage of the presence of the amino in its blood enabling greatly increased ability to produce the special mating sound.","correct",52,NA,2025-07-12 08:24:29
"4OlHlzWHnpjf",3,"1: I confirm","1: I will take it seriously","sl_cc","sl left",30,30,"The only factor within the information provided that directly affects chance of finding a mate is ability to produce the sound. If a male bird can produce the sound it has a 30% chance of finding a mate","correct",55,NA,2025-07-12 08:25:04
"lDJtUFx5cTiq",3,"1: I confirm","1: I will take it seriously","sl_cc","sl left",61,52,"From the information provided in the screens bout the birds, my reasoning made the most sense.","correct",33,"No errors",2025-07-12 08:30:26
"RMS7k2aRDdRE",3,"1: I confirm","1: I will take it seriously","sl_cc","sl left",30,30,"For both the Western (Bird #98) and Eastern (Bird #201) male birds, the probability of finding a seasonal mating partner is 30%. The study stated that females only mate with males who can produce a distinct sound. Both birds were confirmed to have the 'Ability to produce distinct sounds.' Looking at both the Western and Eastern population diagrams, the direct casual arrow from 'Ability to 'Finding a Seasonal mating partner' has a value of 0.3, indicating a 30% chance. While the presence of Amino-Regulin was unknown for both, and its relationship to the sound varied between populations, the critical factor for mating success, the distinct sound production, had the same direct impact (o.3) in both cases as per the diagrams. ","correct",29,NA,2025-07-12 08:32:23
"nVuRjRdEWbno",3,"1: I confirm","1: I will take it seriously","sl_cc","sl left",20,30,"I am really not sure, it was more of a guess than anything.","correct",42,NA,2025-07-12 08:46:18
"LamZj22VYyMI",3,"1: I confirm","1: I will take it seriously","sl_cc","sl left",76,44,"Because the Western bird  population has ability to produce distinct sound ","correct",21,NA,2025-07-12 08:47:00
"UB5aksNPrmaY",3,"1: I confirm","1: I will take it seriously","sl_cc","sl left",30,35,"The only factor directly affecting mating success (with a 0.3 or 30% probability) is the ability of both birds to produce the distinctive sound. Even in the Eastern population, the presence of amino-regulin has no effect on mating, so the result remains unchanged.","correct",20,"None",2025-07-12 08:48:35
"8iwKqDAFegEe",3,"1: I confirm","1: I will take it seriously","sl_cc","sl left",100,100,"Both male birds frome the two populations had the ability to create the sound which has been detrmined to be attractive to the female birds. I believe they both stood an equal chance.","correct",24,NA,2025-07-12 09:17:57
"Jy7l5XkKfm8Y",3,"1: I confirm","1: I will take it seriously","sl_cc","sl left",30,27,"As I understand it, Western population birds who make an appropriate sound have a 30% chance of finding a mate. Easter birds who can make an appropriate sound also have a 30% chance of finding a mate, but only 90% of the birds are able to make this sound, therefore the probability is 90% of 30%.","correct",50,NA,2025-07-12 10:02:49
"A4OaGon86Igl",3,"1: I confirm","1: I will take it seriously","sl_cc","sl left",30,30,"The hormone had nothing to do with anything so the only figure we can use is the 0.3 going from the 'ability to produce sound' to the 'finding a mate'.  0.3 equals a 30% chance of finding a mate.","correct",53,NA,2025-07-12 10:04:21
"1NmYhjSOrHlw",3,"1: I confirm","1: I will take it seriously","sl_cc","sl left",30,30,"I gave both birds a 30% chance of finding a seasonal mating partner because they both have the ability to produce the distinct sound, which is directly linked to mating success in both populations. According to the diagrams, producing the sound leads to a 0.3 (or 30%) chance of attracting a mate.

Although the presence of the hormone Amino-Regulin is unknown for both birds, the diagrams make it clear that this hormone has no direct effect on mating success—it only plays a metabolic role. In the Eastern population, sound production increases the chance of having the hormone, but since the hormone doesn't influence mating, that doesn't affect the estimate.

So, the key factor is sound production, and since both birds can produce the sound, the probability is 30% for each.



","correct",35,NA,2025-07-12 10:05:03
"4FXxH15FhKAd",3,"1: I confirm","1: I will take it seriously","sl_cc","sl left",30,30,"Because the correlation both in the eastern and western bird populations with the birds making the sound and finding a partner is .3. .3 translates to 30%","correct",40,NA,2025-07-12 10:05:06
"FAnEwLixOE5D",3,"1: I confirm","1: I will take it seriously","sl_cc","sl left",58,68,"I just went based purely on the infoormation","correct",23,NA,2025-07-12 10:05:29
"P3Cr3MPIym2u",3,"1: I confirm","1: I will take it seriously","sl_cc","sl left",30,30,"THE SOLID LINE AT THE BOTTOM STATED 30 PER CENT CHANCE FOR BOTH BIRDS","correct",63,NA,2025-07-12 10:05:56
"VUzk3sqWBxIV",3,"1: I confirm","1: I will take it seriously","sl_cc","sl left",30,30,"Both cases have a 30% chance of finding a mate. The key difference is only whether the male can produce the hormone","correct",44,NA,2025-07-12 10:06:59
"Zafg2KWxUpp7",3,"1: I confirm","1: I will take it seriously","sl_cc","sl left",30,30,"The birds could have a distinct sound making them 30% likely to find a partner in both cases.","correct",41,NA,2025-07-12 10:09:37
"Jcbfl1NB24Qn",3,"1: I confirm","1: I will take it seriously","sl_cc","sl left",30,30,"There was no information about the amino-regulin for either bird, so I didn't include that information. There was no information about any additional influences or other factors. Both birds could produce the special call, which led to a 30% chance of finding a mating partner. Therefore, I put 30% for each bird, as I could not see a reason to score otherwise.","correct",47,"Everything worked well, thank you.",2025-07-12 10:17:30
"Q5JrZS1yGG8F",3,"1: I confirm","1: I will take it seriously","sl_cc","sl left",30,30,"They can both produce sounds and therefore have a 0.3 or 30% chance of finding a mate.  This can be seen with the line labelled 0.3 that shows a causal link.","correct",30,NA,2025-07-12 10:47:12
"pnLh5A01kaRq",3,"1: I confirm","1: I will take it seriously","sl_cc","sl left",6,6,"Only 20% of both birds can provide sound, and of those 20% only 30% of those will go on to mate. I have qorked out that this leaves 6% who will successfully mate. The hormone does not seem to have a direct effect as the arrow is going in the wrong direction.","correct",60,NA,2025-07-12 10:51:28
"dRv9DD2bVaPd",3,"1: I confirm","1: I will take it seriously","sl_cc","sl left",30,30,"Both birds can produce the distinct sound that attracts females.
Both have a 0.3 value on arrow from ability to produce distinct sound to finding a mating partner so this equates to 30% chance of finding a mating partner.","correct",54,NA,2025-07-12 10:52:14
"NDcSFK85sEqe",3,"1: I confirm","1: I will take it seriously","sl_cc","sl left",30,30,"I think that both birds have the same chances of finding a partner as it is the song which increases the probability not the gene ","correct",49,NA,2025-07-12 10:56:45
"HQTSZhou7BOd",3,"1: I confirm","1: I will take it seriously","sl_cc","sl left",30,30,"I rated both the Western and Eastern male birds as having a 30% chance of finding a seasonal mating partner because, based on the diagrams and descriptions, the only factor that directly influences mating success is the ability to produce the distinct sound.
In both populations, the presence of the hormone Amino-Regulin does not affect a male bird’s chances of finding a mating partner, it plays a role in metabolism but not in mating. This is confirmed by the absence of a causal arrow from the hormone to mating success.
Both male birds are known to produce the distinct sound, and the diagrams show that this ability gives males a 30% chance of attracting a seasonal mating partner, regardless of whether they have the hormone or not. While in the Eastern population the ability to produce the sound increases the likelihood of having the hormone , this is irrelevant to mating success.","correct",42,NA,2025-07-12 10:58:57
"ntLd1D52E12A",3,"1: I confirm","1: I will take it seriously","sl_cc","sl left",30,70,"gave the bird number the higher chance of finding a mate due to the fact that it has a 90% of being able to make the sound ","correct",43,NA,2025-07-12 11:01:21
"HTFrMAkMF7RO",3,"1: I confirm","1: I will take it seriously","sl_cc","sl left",30,30,"Both birds can produce the distinct sound, giving them a 30% chance of finding a mate. Presence of Amino-Regulin does not affect this probability in either population.","correct",36,"No errors encountered. Study materials and instructions were clear and well-structured. Diagrams effectively communicated causal relationships and probabilities in both bird populations.",2025-07-12 11:16:54
"nTbyhTA3sSZC",3,"1: I confirm","1: I will take it seriously","sl_cc","sl left",30,30,"It was explained that for a male in either population that can produce the high-pitched singing the probability of finding a mate is 30%, and there are no external factors that can change this probability. ","correct",25,NA,2025-07-12 11:18:47
"8GkfCuN0YIcE",3,"1: I confirm","1: I will take it seriously","sl_cc","sl left",80,75,"Based solely on the previous illustrations there is little to no difference between the two populations.  But given the more detailed information first provided one is more likely to be more successful than the other.","correct",72,"No issues, thank you",2025-07-12 11:19:49
"ydkirmNZgNKQ",3,"1: I confirm","1: I will take it seriously","sl_cc","sl left",30,30,"both had a 30% chance of finding a partner once they have the ability to produce the distinct sound regardless of other factors","correct",38,NA,2025-07-12 11:22:00
"XUr5WLLKkBbf",3,"1: I confirm","1: I will take it seriously","sl_cc","sl left",14,14,"Right side - Only males who can produce the distinct sound have any chance of mating. Left side - Influenced only by ability to produce the sound.

","correct",47,NA,2025-07-12 12:10:44
"AeTuz7Kvqdjh",3,"1: I confirm","1: I will take it seriously","sl_cc","sl left",34,54,"For the western bird I basically estimated a 30% chance of finding a seasonal mating partner because it can produce a distinct sound which has decent for mating success. For the Eastern bird I estimated a 50% chance through influence from other factors. Although both birds can produce the sound the eastern bird may benefit more from additional supportive influences in its population’s structure.








","correct",23,"N/A",2025-07-12 12:26:35
"m0vawMNRiSqY",3,"1: I confirm","1: I will take it seriously","sl_cc","sl left",30,30,"both birds regardless of eastern or western, have a 0.3 chance to find a mating partner. Eastern birds have a 0.9 chance of having the amino in them, which is a dependant factor for finding a mate.","correct",24,NA,2025-07-12 12:26:40
"2bepbPMfzjLG",3,"1: I confirm","1: I will take it seriously","sl_cc","sl left",31,30,"Both birds can produce distinct sound which gives each a 30 chance of finding a mate Amino Regulin presence doesnt affect this probability","correct",45,NA,2025-07-12 12:26:46
"t7GSncptBNAV",3,"1: I confirm","1: I will take it seriously","sl_cc","sl left",20,75,"The reason for ratings was the 1st bird was less likely,and the second bird was more likely.","correct",54,"NO errors or problems.",2025-07-12 12:26:52
"PQ3U6t43T5El",3,"1: I confirm","1: I will take it seriously","sl_cc","sl left",30,20,"It was a little complicated to understand to be honest but I think overall the Western birds are more likely to have success as outside factors are not as significant to them not finding a partner as the Eastern population.","correct",54,NA,2025-07-12 12:28:15
"4Pzfd7cy0ipk",3,"1: I confirm","1: I will take it seriously","sl_cc","sl left",31,68,"I think the hormone will increase chances","correct",47,NA,2025-07-12 12:30:22
"AELMQbBaHq2p",3,"1: I confirm","1: I will take it seriously","sl_cc","sl left",30,90,"the western bird although it could make the sound this was independant of the  amino levels so i thought the chances were fairly low. The eastern bird could make the sound which meant it was highly likely to have the amino cells as the two factors were linked in the eastern birds so the chances of finding a mate were much higher.","correct",42,NA,2025-07-12 12:30:42
"UEuiamjvQRwi",3,"1: I confirm","1: I will take it seriously","sl_cc","sl left",30,30,"Based on what I remembered from the explanations and the diagrams, the """"0.3"""" is equal to """"30%"""". My interpretation was that 30% of birds who were able to produce their mating call could find a mate. Both of the diagrams had values of 0.3 that were pointing towards the """"ability to attract a partner"""" box, which is why I chose 30% for both bird populations.","correct",33,NA,2025-07-12 12:32:28
"LRETT0RDBZS4",3,"1: I confirm","1: I will take it seriously","sl_cc","sl left",30,30,"They both have the ability to make the distinct sound therefore they have a 30% more of a chance of finding a mating partner","correct",26,NA,2025-07-12 12:35:36
"fYIK1FEG6EuQ",3,"1: I confirm","1: I will take it seriously","sl_cc","sl left",30,30,"I gave both birds a 30% chance because they can produce the distinct sound which is the key factor in attracting a amate. The hormone doesn't affect mating success, so whether they have it or  not doesn't change the outcome. Since the sound leads to a 30% chance of finding a partner in both populations that the rating I used ","correct",60,NA,2025-07-14 09:23:31
"ADjZ55QWpQhW",3,"1: I confirm","1: I will take it seriously","sl_cc","sl left",50,50,"they have a 50-50 chance for either","correct",34,NA,2025-07-14 09:25:22
"FDCHgoIqsEsP",3,"1: I confirm","1: I will take it seriously","sl_cc","sl left",30,30,"Both birds had the ability to make the particular sound, as shown by the word """"Yes"""" on both diagrams. Both diagrams showed an arrow pointing from the 'ability to make this particular sound' box towards the """"ability to find a mate"""" box showing values of 0.3. This means that there is a probability of 30% that they will find a mate, according to the previous information given.




","correct",58,NA,2025-07-14 09:27:31
"EfxciwEjCVv0",3,"1: I confirm","1: I will take it seriously","sl_cc","sl left",30,90,"I based my answer on the fact the eastern birds are far more likely to mate where the western doesnt","correct",57,NA,2025-07-14 09:45:43
"NlFbUlLzF9sM",3,"1: I confirm","1: I will take it seriously","sl_cc","sl left",60,90,"I believe that, aside from other factors, the presence of hormones in their blood will increase seasonal mating on the eastern side compared to the western side.","correct",31,NA,2025-07-14 10:01:56
"bQ0MIZ3ulKoP",3,"1: I confirm","1: I will take it seriously","sl_cc","sl left",30,30,"Both male birds can produce the distinct sound and in both cases there is a 30 percent chance of attracting a mate","correct",25,NA,2025-07-14 10:02:08
"HlOLGu7uZXa8",3,"1: I confirm","1: I will take it seriously","sl_cc","sl left",30,30,"The probability for the bird is the same in both cases as the hormone doesn't have a causal effect on finding a mate","correct",26,NA,2025-07-14 10:03:57
"iNf301GOhc8b",3,"1: I confirm","1: I will take it seriously","sl_cc","sl left",49,51,"I looked at the information provided but decided there were too many factors for me to accurately  predict. ","correct",37,NA,2025-07-14 10:38:02
"oOS4RtBcngvL",3,"1: I confirm","1: I will take it seriously","sl_cc","sl left",35,65,"The western has less off a chance as i they dont casually infulence the presence off others and dosent make much noise to attract a female to mate with.  The eastern bird has a higher pitch calling enabling him getting a better chance of getting a female mate and he has the genetic mutation which helps  his body produce the hormone Amino Rguine","correct",49,NA,2025-07-14 10:38:12
"50Z29U7kP0ew",3,"1: I confirm","1: I will take it seriously","sl_cc","sl left",30,30,"Due to them being able to produce the mating sound, the graphic states that there is a 30% chance of them finding a mating partner.","correct",26,NA,2025-07-14 10:38:14
"au2B0SGcvUcS",3,"1: I confirm","1: I will take it seriously","sl_cc","sl left",30,30,"They both have the ability to sing, so I took that as meaning they both have a 0.3 (30%) chance of finding a mate?","correct",38,NA,2025-07-14 10:39:02
"cLk5cpIxCTxD",3,"1: I confirm","1: I will take it seriously","sl_cc","sl left",30,30,"Based in the 2 examples they both have the same chance of attracting a mate. this is not influenced by the ability to produce the hormone","correct",41,NA,2025-07-14 10:53:51
"h1I6KykOGswF",3,"1: I confirm","1: I will take it seriously","sl_cc","sl left",30,30,"The probability for both western/eastern birds of finding a mate if they could vocalise was 30%, both males in the examples could make noise, therefore the chance of them finding a mate was 30%. ","correct",43,NA,2025-07-14 10:53:51
"zh1XzYfpz9ZA",3,"1: I confirm","1: I will take it seriously","sl_cc","sl left",30,30,"Research had discovered that both groups had.3 (30%) chance of attracting a mate. The hormone was irrelevant to this.","correct",57,NA,2025-07-14 10:53:52
"JSJFVAbdReiB",4,"1: I confirm","1: I will take it seriously","sl_cc","ce left",30,30,"We are not sure whether the birds have the hormone so we assume there is a 30% chance of mating.","correct",26,NA,2025-07-12 08:22:28
"tp3XZqSuB4XH",4,"1: I confirm","1: I will take it seriously","sl_cc","ce left",30,30,"The ability of both to produce a distinct sound and find a seasonal partner is 0.3.
","correct",22,"no errors",2025-07-12 08:31:04
"ZeyYhmDrz1sT",4,"1: I confirm","1: I will take it seriously","sl_cc","ce left",30,30,"On the information screen it showed a 0.3 value for finding a mating partner so that is 30% for both.","correct",49,NA,2025-07-12 08:34:35
"kidzPvauOQP5",4,"1: I confirm","1: I will take it seriously","sl_cc","ce left",30,30,"Both birds can produce the sound so they each have a 30% chance of finding a mate.","correct",36,NA,2025-07-12 08:35:38
"e6USjEfbgs5q",4,"1: I confirm","1: I will take it seriously","sl_cc","ce left",30,30,"the sound leads to a 30% mating chance so it will be around 30%","correct",23,NA,2025-07-12 08:45:41
"RwuQ6f1nZalL",4,"1: I confirm","1: I will take it seriously","sl_cc","ce left",72,52,"the one coming from the western population had the lower probability than the one from the eastern since  according to me i think the other has a probability to reproduce hence the mate.","correct",48,NA,2025-07-12 08:49:11
"HrwqWHtONauO",4,"1: I confirm","1: I will take it seriously","sl_cc","ce left",30,30,"I rated both birds from the Western and Eastern populations as having a 30% chance of finding a seasonal mating partner because both are able to produce the distinct high-pitched sound. According to the information provided, this ability is the only factor that causally influences a male’s chance of mating. The diagrams show that producing the sound leads directly to a 30% probability of finding a mate, and no other variables (such as the hormone Amino-Regulin) affect this outcome.

While the Western bird has a higher likelihood of also having Amino-Regulin due to a genetic link, and the Eastern bird’s hormone presence is independent of sound production, this distinction doesn’t affect mating success. The presence or absence of Amino-Regulin plays no role in whether a female chooses the male. Therefore, since both birds can produce the sound and there are no other influencing factors, they each have a 30% chance of finding a seasonal mating partner.","correct",51,"None",2025-07-12 09:16:02
"3Nu5xPLHfnRc",4,"1: I confirm","1: I will take it seriously","sl_cc","ce left",30,30,"The rating is based on the numbers how on the given images, 0.3 indicates that 30% of the birds who produce the sound will find a mate.","correct",55,NA,2025-07-12 09:18:07
"0KLRu6NvTtB1",4,"1: I confirm","1: I will take it seriously","sl_cc","ce left",30,30,"Since both of the birds can produce the sound, there is a 0.3 (30%) chance they will find a mate. Given that the hormone doesn't play a role in the chances of finding a mating partner, I disregarded it.","correct",39,NA,2025-07-12 09:23:17
"nlYrJuPIU3Y4",4,"1: I confirm","1: I will take it seriously","sl_cc","ce left",30,30,"This is because the problem states that females only mate with males who produce the distinct sound, and both birds in the scenario can produce that sound. The strength of this causal link is given as 0.3 (30%). The presence or absence of the Amino-Regulin hormone is irrelevant to mating success, as explicitly stated in the scenario.","correct",62,NA,2025-07-12 10:03:32
"M5CT6tuRB6fc",4,"1: I confirm","1: I will take it seriously","sl_cc","ce left",51,62,"The likelihood of a male Sunstreak Flutterwing finding a mating partner depends solely on its ability to produce the distinct sound, which determines mating success in both populations","correct",35,NA,2025-07-12 10:04:57
"mOgIY1ULrTA3",4,"1: I confirm","1: I will take it seriously","sl_cc","ce left",30,30,"I think there is a 0.3 chance that either of them could find a mate.","correct",67,NA,2025-07-12 10:05:07
"MKSyIPrfkwLT",4,"1: I confirm","1: I will take it seriously","sl_cc","ce left",30,30,"The chances of them finding a mate is based on their ability to sing. they can both sing, so they both have a 30% chance of getting a mate. According to my understanding, the food hormone (forgot the name), is based on the singing ability but does not affect anything else. So, whether or not they have it does not change their ability to find a mate.","correct",27,NA,2025-07-12 10:05:25
"7XM0GRdnO4ww",4,"1: I confirm","1: I will take it seriously","sl_cc","ce left",31,30,"I gave the birds a 30% and 31% of finding a seasonal mating partner because both have the ability to produce the distinct sound, which is the only trait that directly influences mating success. ","correct",56,NA,2025-07-12 10:11:13
"RRJ5dNdkberf",4,"1: I confirm","1: I will take it seriously","sl_cc","ce left",30,30,"you said the hormone is not causally linked to finding a mating partner so is irrelevant ","correct",44,NA,2025-07-12 10:13:05
"ipL0YKaDYFqn",4,"1: I confirm","1: I will take it seriously","sl_cc","ce left",38,61,"one has a higher chance based on if it is independent or dependent on the third variable","correct",30,NA,2025-07-12 10:30:47
"CTi0Ljv4DinH",4,"1: I confirm","1: I will take it seriously","sl_cc","ce left",30,30,"I assume that the chance of finding a mate is the same in both groups, as shown by the diagram.","correct",41,NA,2025-07-12 10:48:53
"3ld2423ehnMB",4,"1: I confirm","1: I will take it seriously","sl_cc","ce left",30,30,"Because there was a causal factor of 0.3 between males that could make the noise and males that found a partner.","correct",44,NA,2025-07-12 10:49:45
"AIQUFV6xO9BE",4,"1: I confirm","1: I will take it seriously","sl_cc","ce left",30,30,"In both populations there was a 30%/.30 correlation between birds that could make the sound and their ability to find a mate. ","correct",42,NA,2025-07-12 10:53:12
"nFFyRWB8OG1B",4,"1: I confirm","1: I will take it seriously","sl_cc","ce left",30,30,"I figured both birds have a 30% chance because the text clearly stated that if a male can make the distinct sound, it has a 30% chance of finding a partner. Both birds can make the sound. The hormone stuff didn't matter for mating, so I just focused on the 30%","correct",61,"No errors",2025-07-12 10:54:44
"ArCYfloV9cTS",4,"1: I confirm","1: I will take it seriously","sl_cc","ce left",53,70,"I think the first bird will mate more ","correct",27,"N/A",2025-07-12 11:00:16
"LBgBjDq5ZHBH",4,"1: I confirm","1: I will take it seriously","sl_cc","ce left",37,65,"I wasn't too confident due to the unknowns. I felt from the data before that the western population would have a higher percentage","correct",30,NA,2025-07-12 11:16:31
"pza5egvqUFvP",4,"1: I confirm","1: I will take it seriously","sl_cc","ce left",30,30,"My ratings were based on the chart. Both the Western and the Eastern birds show the birds having a 30% chance of successfully finding a mate. There are a lot of other factors, but I am not sure how much this plays into my answer. Scientists have not tested either of the birds for Amino-regulin. Either one of the birds may or also may not have it. It is more than likely that the Western bird has it from the mutation factor... But regardless, the average from the chart shows a 30% chance of them successfully mating.  ","correct",52,NA,2025-07-12 11:19:47
"lvmGyHCYXioF",4,"1: I confirm","1: I will take it seriously","sl_cc","ce left",30,30,"The only relevant factor influencing whether the birds are able to find a mating partner is their ability to produce a high-pitched sounds. For both Western and Eastern variants of the species, birds with this capacity have a 30% chance to find a mate. Both example birds have this ability, so their chances to find a mate are set at 30%.","correct",56,NA,2025-07-12 11:23:11
"nAPNILuhzY6G",4,"1: I confirm","1: I will take it seriously","sl_cc","ce left",31,31,"Both birds have a 30% chance of finding a mate because they can produce the distinct sound, and no other factors influence this outcome.","correct",71,NA,2025-07-12 11:23:41
"82Q0o8iuMDgq",4,"1: I confirm","1: I will take it seriously","sl_cc","ce left",30,30,"They can each sing so they can equally attract a mate which is 30% as stated in the data sheet. We don't have any more info if they have the Amino compound so we have to treat them as if they don't matter for both. ","correct",29,NA,2025-07-12 11:25:34
"99qYDlu7h5KX",4,"1: I confirm","1: I will take it seriously","sl_cc","ce left",70,44,"Both male birds were ranked to have very high likelihood of getting seasonal mating mate since they both have the capacity of producing the unique high-pitched sound. Per according to the causal information given, it is only this sound that directly determines the mating success as females solely select those males who can produce it. In as much as the relationship between the occurrence of the hormone, Amino-Regulin with regard to amoeba sound production is different in the eastern population compared with that of the western population, it however has no causative role in the outcome of mating. So, irrespective of the population, the that is required to make the probability of attracting the mate is high- is available in both the birds.
","correct",38,NA,2025-07-12 11:38:38
"84gm0Kqvu64L",4,"1: I confirm","1: I will take it seriously","sl_cc","ce left",30,30,"It is known beforehand that males who can produce the sound have a 30% chance of finding a partner, even if he doesn't have the hormone.","correct",27,NA,2025-07-12 11:58:09
"wbbvACmFILmP",4,"1: I confirm","1: I will take it seriously","sl_cc","ce left",20,20,"Their presence of their blood is unknown therefore it is only sensible that we can judge their chance of finding a mating partner through of they are able to make the certain sound which increases their chances of finding a partner by 20%","correct",19,NA,2025-07-12 12:26:51
"FOdCCAkRm2ii",4,"1: I confirm","1: I will take it seriously","sl_cc","ce left",30,30,"I gave both birds the same rating 30% as that was the only factor that effected how likely they would be when it came to finding a mate. Both bird types had the same percentage chance of being able to make the distinct sound ","correct",31,NA,2025-07-12 12:26:52
"hFl0KyHCqd5c",4,"1: I confirm","1: I will take it seriously","sl_cc","ce left",30,30,"as they could both make the attractive sound they both had a 30% chance","correct",36,NA,2025-07-12 12:28:04
"opGgY9p8x1a1",4,"1: I confirm","1: I will take it seriously","sl_cc","ce left",58,64,"I don't know","correct",20,NA,2025-07-12 12:30:14
"kM3DnbvyRMJz",4,"1: I confirm","1: I will take it seriously","sl_cc","ce left",45,75,"Following the lines of study, it shows the western male to be the higher of the two in chance of finding a mate. Until blood tests are taken it would be difficult to assess the overall chances of the eastern male.","correct",58,NA,2025-07-12 12:30:25
"CXneBERLxBSq",4,"1: I confirm","1: I will take it seriously","sl_cc","ce left",30,30,"On the diagram it showed that birds from either side of the population, if they could make the sound, had a 30% chance of attracting a mate.","correct",20,NA,2025-07-12 12:48:49
"ck24nOFx2TmW",4,"1: I confirm","1: I will take it seriously","sl_cc","ce left",55,70,"The western population birds are more likely to have a mating partner than the eastern population. they can produce the sound and have the hormone unlike the eastern.","correct",26,NA,2025-07-14 09:21:01
"Kg4aYzaPyHzE",4,"1: I confirm","1: I will take it seriously","sl_cc","ce left",30,30,"I estimated a 30% probability of finding a seasonal mating partner for both male birds, one from the western population and the other from the eastern population, since both can produce the distinct sound that directly influences mating success.","correct",20,NA,2025-07-14 09:21:28
"aA3hfzhl5WXl",4,"1: I confirm","1: I will take it seriously","sl_cc","ce left",100,100,"it stated they both produce sounds, in the scenario it explained that in order to find a mate it needed to produce a sound","correct",54,NA,2025-07-14 09:21:39
"dZO5h8SG2UvH",4,"1: I confirm","1: I will take it seriously","sl_cc","ce left",20,30,"As previously explained in the earlier presented data. Birds from the Western population has 30% chance of attracting mating partner just because they can produce the sound, regardless of whether they can produce the needed hormone or not, plus other factors. On the other hand, birds from th Eastern population has an advantage of 20% chance to attract a mating  partner from their sound making ability, regardless of their ability to produce hormone and/or other factors","correct",29,NA,2025-07-14 09:25:37
"RlUH0S1DyV5n",4,"1: I confirm","1: I will take it seriously","sl_cc","ce left",30,30,"the information stated that if a bird could make a certain sound it had a 30 percent chance of finding a mate. both birds could make this sound.","correct",59,NA,2025-07-14 09:26:26
"m23jM7QTRG86",4,"1: I confirm","1: I will take it seriously","sl_cc","ce left",31,18,"Both birds have a slightly low chance of finding a mate because the ability to produce the sound is the only factor that directly influences whether they attract a partner, and both of them possess this ability. The scenario specifically states that this sound production leads to a slightly chance of mating success.The presence or absence of the Amino-Regulin hormone, and how it relates to the sound, has no bearing on mating success in either population.







","correct",33,"There were no errors during the study.",2025-07-14 09:30:28
"jKsQnVg27v77",4,"1: I confirm","1: I will take it seriously","sl_cc","ce left",30,30,"Both birds can produce the distinct sound, which is the only factor determining mating success, as the hormone Amino-Regulin has no causal link to mating. The probability given for the distinct sound leading to a mate is 30%. Therefore, both birds have a 30% chance.","correct",19,NA,2025-07-14 09:44:00
"paDPnbVeR9sH",4,"1: I confirm","1: I will take it seriously","sl_cc","ce left",30,30,"From the graph we can gather both populations of the bird have a 30% chance on finding a seasonal partner ","correct",29,NA,2025-07-14 09:45:46
"GqjVeg002Tzp",4,"1: I confirm","1: I will take it seriously","sl_cc","ce left",79,30,"The western bird is less likely to find a seasonal mating partner than the eastern","correct",38,NA,2025-07-14 10:01:57
"hZY2jpSwwhrF",4,"1: I confirm","1: I will take it seriously","sl_cc","ce left",30,30,"Both birds have the ability to produce the distinct sound, which is the only factor that directly influences mating success. sine the ability gives a 30% chance of finding a mate in both populations, i rated each bird's probability as 30%.","correct",22,NA,2025-07-14 10:02:05
"DoZXtLgYRRLT",4,"1: I confirm","1: I will take it seriously","sl_cc","ce left",30,30,"The only factor determining if the bird can find a mate is if it has the ability to produce distinct sound, nothing else factors in. Even with the ability to produce the sound, finding a mate isn't guaranteed 



","correct",27,NA,2025-07-14 10:03:42
"5Ntfa7AfosiK",4,"1: I confirm","1: I will take it seriously","sl_cc","ce left",30,30,"I gave both birds the same rating because they each have the ability to produce the unique sound that female birds are attracted to. Based on the information provided, this sound is the only thing that directly affects whether a male finds a seasonal mate. The chance of attracting a mate if the bird can make this sound is 30%, which applies to both birds.

Even though we don’t know whether either bird has the hormone Amino-Regulin, it doesn’t matter in this case. In both bird populations, the hormone doesn’t actually influence mating success—it’s either unrelated or just something that happens as a result of making the sound. Since it doesn’t change the odds of finding a mate, I didn’t factor it into my judgment. That’s why I said both birds have a 30% chance.","correct",36,"I didn’t come across any problems while going through the study. Everything seemed to work well, and the instructions and diagrams were easy to follow.",2025-07-14 10:05:01
"LnbAnOSkSJGQ",4,"1: I confirm","1: I will take it seriously","sl_cc","ce left",30,30,"My reasoning for assigning a 30% probability to both the Western and Eastern male birds finding a seasonal mating partner is based on the causal information provided about the factors influencing mating success in the two populations.

The key determinant of mating success is the male bird’s ability to produce the distinct high-pitched sound. Females exclusively choose males who can produce this sound, making it a necessary condition for finding a seasonal mating partner. Both birds have a confirmed """"YES"""" for this ability, which means they are eligible to attract mates.

The presence of the hormone Amino-Regulin, although linked to sound production in the Western population, does not influence mating success in either population. Therefore, the unknown status of Amino-Regulin in both birds does not affect the probability of finding a mate.

According to the data, a male bird who can produce the distinct sound has a 30% chance of finding a mating partner, regardless of hormone presence or population. Since both birds meet this criterion, I assigned both a 30% probability of mating success.

In summary, the probability depends solely on the ability to produce the distinct sound, which both birds possess, leading to an equal 30% chance of finding a seasonal mating partner for each.","correct",20,NA,2025-07-14 10:25:14
"09nypBEqQ3kP",4,"1: I confirm","1: I will take it seriously","sl_cc","ce left",74,31,"I thought the second had a better chance due to the information provided. It also had better odd I felt. ","correct",31,NA,2025-07-14 10:38:11
"rzskwuyHY5ho",4,"1: I confirm","1: I will take it seriously","sl_cc","ce left",30,60,"I used the information provided but in the absence of testing to determine whether the birds had the relevant hormone, I thought I would need to adjust the figures downwards on the Western population to accommodate this unknown variable. I left the eastern population at 30% as I felt there was nothing in the causality formula to indicate that their breeding success rate would change.","correct",61,NA,2025-07-14 10:38:23
"SdvKZIMTND5m",4,"1: I confirm","1: I will take it seriously","sl_cc","ce left",30,78,"I gave both birds a 30% probability of finding a seasonal mating partner because both were able to produce the unique sound, which is the only factor that causally influences mating success in either population.

According to the causal diagram and accompanying explanation, males who can produce the distinct sound have a 30% chance of attracting a mate, regardless of whether they have the hormone Amino-Regulin or not. The presence of this hormone has no causal effect on mating success in either the Eastern or Western population.

Even though the relationship between sound production and hormone presence differs between the two populations (dependent in the West, independent in the East), this does not affect mating success, as the hormone is not causally linked to finding a mate. Therefore, both birds—since they can produce the sound—were assigned the same probability of 30%.","correct",42,"No issues encountered. Everything functioned as expected.",2025-07-14 10:42:18
"BJiWXKLC8Soy",4,"1: I confirm","1: I will take it seriously","sl_cc","ce left",30,30,"Bird 98: As bird 98 has a distinct sound they have 30% chance of finding a mating partner, as indicated by the arrow

Bird 201: Bird 201 also has a distinct sound and thus have a 30% chance of finding a mating partner, as indicated by the arrow","correct",19,NA,2025-07-14 10:54:27
"0612zyiKxhob",4,"1: I confirm","1: I will take it seriously","sl_cc","ce left",13,90,"From the literature It seemed like the western birds always had higher distribution of the hormone in their population ","incorrect",50,NA,2025-07-12 08:25:08
"2OfBzA4K1SPR",3,"1: I confirm","1: I will take it seriously","sl_cc","sl left",30,30,"its 0.3 so thats 30%","incorrect",21,NA,2025-07-12 09:32:13
"4qqBrsrmqLbh",1,"1: I confirm","1: I will take it seriously","ic_cccf","ic left",31,90,"Decisions were based on information provided included % attached to different lines","incorrect",54,NA,2025-07-12 10:50:11
"53QUfAFex3Tz",3,"1: I confirm","1: I will take it seriously","sl_cc","sl left",20,90,"Based on the information provided, the arrows indicated a 90% chance that the eastern bird would be able to find a mate, while the western bird lacked or had a reduced ability to make the sound necessary to attract a female. Because we didn't know the other information, these were the only factors we could use. ","incorrect",73,NA,2025-07-12 12:38:45
"6vj6BZmBA51y",3,"1: I confirm","1: I will take it seriously","sl_cc","sl left",41,75,"I looked the previous information regarding probabilites of the bird making the or the ability to make the sound. I weighed up based on information provided that first one was around half or just under chance, and second one was a stronger chance","incorrect",39,"n/a",2025-07-12 09:19:32
"815j2LAYfmON",3,"1: I confirm","1: I will take it seriously","sl_cc","sl left",50,50," If both can produce the sound then they have equal chances 50 pc to get a mating partner.With the other factors constant like precense of the amino acid in the body","incorrect",43,"No everyhing was clear",2025-07-12 08:50:28
"8PgZe2jV8w1e",3,"1: I confirm","1: I will take it seriously","sl_cc","sl left",50,90,"Those were the highest values expressed for each of the eastern and western birds. It was .3+.2 and .9  and these were the numbers that I went with. In your text you stated that this corresponded to percentage too so thats why those numbers are my choice.","incorrect",35,NA,2025-07-14 09:29:50
"9kuaCk9j7Glz",4,"1: I confirm","1: I will take it seriously","sl_cc","ce left",30,90,"The 0.9 pointed to the presence of amino-regulin and where that is present there is 90% chance of finding a mating partner.

In the Eastern region, there is no amino-regulin and therefore the value of 0.3 is the the number to consider and this becomes 30% ","incorrect",38,NA,2025-07-14 10:38:29
"9oBKotl0fqAo",3,"1: I confirm","1: I will take it seriously","sl_cc","sl left",30,90,"this is what i read before, that the birds from western population has 30% and from eastern population has 90%","incorrect",36,"nothing no techical issues ",2025-07-12 08:28:26
"BGCKUiWOizxz",3,"1: I confirm","1: I will take it seriously","sl_cc","sl left",90,30,"In the information given, it mentioned the percentage indicated on the arrows. Based on that information, I selected the percentage that I think was accurate","incorrect",25,NA,2025-07-14 09:22:20
"BL7Twtqstij6",3,"1: I confirm","1: I will take it seriously","sl_cc","sl left",20,20,"i have seen the rate suitable for them","incorrect",32,NA,2025-07-12 11:08:05
"DUiyehJSQjZl",3,"1: I confirm","1: I will take it seriously","sl_cc","sl left",30,30,"both birds can produce different sounds, which is the only factor affecting mating success   ","incorrect",27,"no errors ",2025-07-12 12:42:12
"Fa3ZCoHr49YI",3,"1: I confirm","1: I will take it seriously","sl_cc","sl left",30,30,"because i understood that the most determining factor was whether they could make the sound in regards to finding a partner. ","incorrect",39,NA,2025-07-14 09:25:17
"FbpwDDYavW1n",4,"1: I confirm","1: I will take it seriously","sl_cc","ce left",30,30,"The chart indicated 30% for each","incorrect",70,NA,2025-07-12 10:48:19
"GlQyYsAhlcUE",4,"1: I confirm","1: I will take it seriously","sl_cc","ce left",50,68,"Relatable context","incorrect",26,NA,2025-07-12 10:51:17
"MZGC8bdWYpGN",4,"1: I confirm","1: I will take it seriously","sl_cc","ce left",30,30,"My understanding is in both locations if the bird can make the sound then they have a 30 percent chance of finding a mate. ","incorrect",42,NA,2025-07-12 11:17:31
"McJz4rpNWRY1",4,"1: I confirm","1: I will take it seriously","sl_cc","ce left",30,30,"Because the diagrams stated this","incorrect",37,NA,2025-07-12 16:46:59
"Mha26WNRn3aI",3,"1: I confirm","1: I will take it seriously","sl_cc","sl left",20,20,"I was just trying to work out based on them both making the sound and making a guestimate based on the indicator lines from the diagrams.","incorrect",50,"no",2025-07-12 11:15:53
"MufOAqThchwJ",4,"1: I confirm","1: I will take it seriously","sl_cc","ce left",80,80,"Both can produce the sound needed to obtain a mate. Although it is unknown if either bird has the Amino-Regulin, there is a good chance that they do. So not 90 percent I have judged a little less chance.","incorrect",68,"It was difficult to understand the instructions in order to answer the following questions",2025-07-12 09:21:38
"NTWjtWobveSh",2,"1: I confirm","1: I will take it seriously","ic_cccf","cccf left",60,75,"I thought that bird A had a higher chance, since their ability was independent of the other factor where bird B was dependent on having both factors.","incorrect",36,NA,2025-07-12 10:56:04
"RoFCPCZcQZjm",2,"1: I confirm","1: I will take it seriously","ic_cccf","cccf left",54,42,"I'm not sure ","incorrect",27,NA,2025-07-12 10:05:06
"UZdQOEGkb0jz",4,"1: I confirm","1: I will take it seriously","sl_cc","ce left",30,30,"My reasoning is that in the diagrams for both populations there are is a 30% chance that a male bird will find a mate given it can produce the distinct sound that females find attractive.","incorrect",34,"No issues",2025-07-12 10:03:00
"Uk3ljVG6SWRe",3,"1: I confirm","1: I will take it seriously","sl_cc","sl left",50,50,"there is no information on the amino acid production which makes it hard to predicy","incorrect",65,NA,2025-07-12 10:49:57
"VMCiVgQn3Nj5",1,"1: I confirm","1: I will take it seriously","ic_cccf","ic left",31,90,"I felt the likelyhood of an Eastern population finding a mating partner was more robust and therefore far higher of a percentage thane the Western population","incorrect",35,NA,2025-07-12 11:18:29
"Wy7grgD4fYhK",3,"1: I confirm","1: I will take it seriously","sl_cc","sl left",32,46,"i think mating between the western and eastern species would be the environmental impact ","incorrect",39,NA,2025-07-12 10:08:37
"XbVFEutln220",1,"1: I confirm","1: I will take it seriously","ic_cccf","ic left",50,50,"in the text its said most birds find seasonal find  seasonal mates others remain solitary.","incorrect",38,NA,2025-07-12 08:34:55
"YDXgi6MT1BuU",4,"1: I confirm","1: I will take it seriously","sl_cc","ce left",30,30,"I said 30% because both birsd have a yes for ability to produce distinct sounds and diagram shows this ability leads to 30%","incorrect",27,NA,2025-07-12 08:23:00
"Yo5I9UpVV0H5",2,"1: I confirm","1: I will take it seriously","ic_cccf","cccf left",65,35,"The western bird can make the sound and the hormone status is unknown, and the eastern bird makes the sound, it has the hormone","incorrect",25,NA,2025-07-12 10:24:44
"ZAqb37tNyKJd",4,"1: I confirm","1: I will take it seriously","sl_cc","ce left",30,30,"I just looked at the cards and they said 0.3 for each regardless of the input variables, so that is 30%.","incorrect",39,NA,2025-07-12 12:26:42
"bPPdWdb5jlUB",1,"1: I confirm","1: I will take it seriously","ic_cccf","ic left",41,44,"I felt the first one needed the rating i gave because of what surrounds it.","incorrect",34,NA,2025-07-12 12:28:39
"bi5beTka4a1o",2,"1: I confirm","1: I will take it seriously","ic_cccf","cccf left",100,50,"for the western bird, the availability of special sound and hormone regulon are mutually inclusives while for the eastern bird these traits are mutually independent.","incorrect",37,"no issues encountered",2025-07-12 12:28:43
"eGF0mM3wc3Z7",3,"1: I confirm","1: I will take it seriously","sl_cc","sl left",20,20,"0.2% value means that the male has a 20% chance of finding a mating partner.","incorrect",23,NA,2025-07-14 10:38:17
"eOdEBMvklCwZ",3,"1: I confirm","1: I will take it seriously","sl_cc","sl left",90,90,"The chance of obtaining a mate for both species was .9 based on the fact that they can both make the right sound to attract a mate.","incorrect",54,"I recorded the wrong %, the correct answer was 30%",2025-07-12 08:44:21
"ePdbWYD3Jhuz",4,"1: I confirm","1: I will take it seriously","sl_cc","ce left",30,90,"I know from the numbers on the line that in the western population, 90% of birds will be able to mate and from the Eastern only 30%","incorrect",45,NA,2025-07-12 12:26:33
"fOiBlapRxMr7",1,"1: I confirm","1: I will take it seriously","ic_cccf","ic left",50,75,"From all we know so far, the Eastern male bird has a greater chance than the Western bird.","incorrect",48,NA,2025-07-12 12:26:56
"ffRAKS2BsJcn",1,"1: I confirm","1: I will take it seriously","ic_cccf","ic left",30,30,"The value in both the populations with the ability to make sound is .3 which I think gives them a 30 % chance of finding a mate . However I would expect this to be higher if we knew the presence of amino acid factors or not . We also don't know the other factors present in this scenario .so it is probably higher than 30% in reality but we don't have enough information.
","incorrect",52,NA,2025-07-12 10:52:22
"fihn6gLRopuM",4,"1: I confirm","1: I will take it seriously","sl_cc","ce left",20,32,"i think both birds are on the lower end of the scale. it doesn't sseem to me like either of them have an amazing success rate. however the western bird is higher.","incorrect",32,"na",2025-07-12 10:07:08
"gK3mFydutAIC",3,"1: I confirm","1: I will take it seriously","sl_cc","sl left",20,30,"I thought there would be a greater chance mating in the eastern part as the sound is related to the hormone by 90 percent","incorrect",46,NA,2025-07-12 10:51:53
"gvGYtNTKwyEr",4,"1: I confirm","1: I will take it seriously","sl_cc","ce left",30,30,"Since the other factors weren't known all we had to go on was the 30% chance that a bird that could make distinct sounds would find a mate. Since both could, that is what I went with.","incorrect",64,NA,2025-07-12 12:05:21
"hXHfe1HipFQv",4,"1: I confirm","1: I will take it seriously","sl_cc","ce left",30,90,"Because the male western birds have the ability to produce the sound by a 90%. eastern male birds have the defective gene only giving them a 30% chance on producing the sound.","incorrect",35,NA,2025-07-12 11:20:24
"osXAfFAw7IOb",2,"1: I confirm","1: I will take it seriously","ic_cccf","cccf left",80,52,"Birds of the same species can experience very different mating success depending on the region they inhabit. In eastern regions, individuals often benefit from more stable climates, denser vegetation, and greater food availability, all of which contribute to healthier populations and more frequent social interactions. These conditions foster environments where birds are more likely to encounter potential mates, establish territories, and engage in courtship behaviors without as much environmental stress. Additionally, eastern habitats are sometimes more fragmented into smaller patches that concentrate birds, further increasing the likelihood of mating encounters.

In contrast, their western counterparts may face harsher or more variable climates, sparser vegetation, and lower population densities. These factors can spread individuals across larger areas, reducing the frequency of mate encounters and making territory establishment more difficult. Limited water and food sources can also divert energy away from reproduction. As a result, while the birds belong to the same species, those from the eastern regions generally have an ecological advantage that leads to more consistent and successful mating opportunities.
","incorrect",41,NA,2025-07-12 08:50:59
"qZsHDN2dDIB5",4,"1: I confirm","1: I will take it seriously","sl_cc","ce left",30,30,"I used the information from the first diagram to produce that figure and the information given that the presence (or non presence) of the hormone actually doesn't have that much influence. ","incorrect",38,NA,2025-07-14 09:21:06
"qmcJPFfKSRJN",3,"1: I confirm","1: I will take it seriously","sl_cc","sl left",30,30,"The 0.3 on the line connecting distinct noise with seasonal partner indicates that 30% of birds that can make that noise find a partner, independent of whether of not they have the hormone.","incorrect",31,NA,2025-07-14 09:21:26
"qzB7dQRiEYP7",3,"1: I confirm","1: I will take it seriously","sl_cc","sl left",62,23,"It seemed logical to me ","incorrect",25,NA,2025-07-14 09:21:01
"rSO5rp8LxkRz",1,"1: I confirm","1: I will take it seriously","ic_cccf","ic left",50,49,"They both have the distinctive sound","incorrect",34,NA,2025-07-14 11:02:28
"s17GvB0tWACf",3,"1: I confirm","1: I will take it seriously","sl_cc","sl left",30,27,"30% of Western Birds find a partner.

Eastern birds with the hormone are 90% and of them 30% find a partner. There is no indication of numbers with hormone.","incorrect",53,NA,2025-07-14 10:04:23
"s4RrDzvl5I6s",2,"1: I confirm","1: I will take it seriously","ic_cccf","cccf left",42,30,"first this is so much brain power.  For the one that didn't require both, i used the percent in thee bar and a bit higher since it might have both means and higher percent, for the other just the percent in the line since it depended on both. I was not sure how to factor in the stat of if it had both then","incorrect",64,"it was confusing with the diagram with 2 arrows from scent - i assume one was has it, the other not, so that was what I used, but make it more clear",2025-07-12 12:31:54
"tcrdbs67kzQp",3,"1: I confirm","1: I will take it seriously","sl_cc","sl left",52,65,"The Eastern population has both quality in sound and hormone Amino-Regulin. Females are attracted to this two qualities during the mating season.","incorrect",22,NA,2025-07-12 10:49:49
"u5sVfCzSiZYx",4,"1: I confirm","1: I will take it seriously","sl_cc","ce left",20,30,"I based it on the previous passages I read and the diagram that showed the two different populations of birds. I based it entirely off their ability to make their specific sound, which attracted more mates, and not off Amino-Regulin as that didn't seem to have any effect on finding a mate, only that it showed up 90% in the western population. ","incorrect",29,NA,2025-07-14 10:38:05
"wfDzoABv4Gwv",1,"1: I confirm","1: I will take it seriously","ic_cccf","ic left",30,90,"I looked at the evidence given on the diagrams and the info i was given about the 2 birds","incorrect",56,NA,2025-07-12 08:47:44
"wglPsYcF6Yw2",4,"1: I confirm","1: I will take it seriously","sl_cc","ce left",20,90,"Western population had previously been found to have the hormone that increased the chance of finding a partner compared to the eastern population that didn't.","incorrect",42,NA,2025-07-14 10:01:50
"xTW8T2NZbkmd",4,"1: I confirm","1: I will take it seriously","sl_cc","ce left",30,30,"I remembered that both species had a 30% chance of finding a mate of they could make the sound - so I chose 30%. I have since thought that only some birds can make the sound - so the 30% would be 30% of those, not the whole population. So I have chosen incorrectly but can't go back to amend!","incorrect",57,NA,2025-07-14 09:20:56
"yIXiLd6wNjI5",1,"1: I confirm","1: I will take it seriously","ic_cccf","ic left",30,90,"The presence of the amino","incorrect",67,NA,2025-07-12 11:15:48
"yMsnD3UUYZzg",4,"1: I confirm","1: I will take it seriously","sl_cc","ce left",30,90,"0.9 for the bird on the left and 0.3 for the bird on the right indicted from the decimal number on the arrows.","incorrect",19,NA,2025-07-14 09:37:48
"yyh7B7Evt8yW",1,"1: I confirm","1: I will take it seriously","ic_cccf","ic left",30,30,"As the blood tests are unknown, both birds have a 30% chance of getting a mate until the blood test results are found, then things might change to 90%.","incorrect",54,"The study worked fine, thanks.",2025-07-12 11:16:48
