"condition","subj_code","desktop_conf","attent_conf","causation_type","side_order","CE_check","CE_strength_check","CE_check_correct","AC_check","AC_strength_check","AC_check_correct","instr_tests","AE_check","AE_strength_check","AE_check_correct","case_09","case_01","age","gender","tech_issues","PROLIFIC_PID","recorded_at"
1,"f0Sa34X9GKn9","1: I confirm","1: I will take it seriously","generative","09_01","it tends to have a <b><font color='LimeGreen'>positive</font></b> influence on female birds.","the probability that this will actually influence a female bird is the same in the two populations.","correct","it tends to have a <b><font color='LimeGreen'>positive</font></b> influence on the ability to produce the sound.","the probability that this will actually influence that male's ability to produce the distinct sound is higher in the Western than in the Eastern population.","correct",2,"it tends to have a <b><font color='LimeGreen'>positive</font></b> direct influence on female birds.","the probability that this will actually influence a female bird is the same in the two populations.","correct",30,30,53,"2: female",NA,"5b2b83b10ec82d0001d29549",2025-09-26 09:30:41
1,"LVioXtyx7nSa","1: I confirm","1: I will take it seriously","generative","09_01","it tends to have a <b><font color='LimeGreen'>positive</font></b> influence on female birds.","the probability that this will actually influence a female bird is the same in the two populations.","correct","it tends to have a <b><font color='LimeGreen'>positive</font></b> influence on the ability to produce the sound.","the probability that this will actually influence that male's ability to produce the distinct sound is higher in the Western than in the Eastern population.","correct",2,"it tends to have a <b><font color='LimeGreen'>positive</font></b> direct influence on female birds.","the probability that this will actually influence a female bird is the same in the two populations.","correct",30,30,41,"2: female",NA,"5a0c4184fe645f0001e9f5dd",2025-09-26 09:33:52
1,"HiDMSkyJldqW","1: I confirm","1: I will take it seriously","generative","09_01","it tends to have a <b><font color='LimeGreen'>positive</font></b> influence on female birds.","the probability that this will actually influence a female bird is the same in the two populations.","correct","it tends to have a <b><font color='LimeGreen'>positive</font></b> influence on the ability to produce the sound.","the probability that this will actually influence that male's ability to produce the distinct sound is higher in the Western than in the Eastern population.","correct",1,"it tends to have a <b><font color='LimeGreen'>positive</font></b> direct influence on female birds.","the probability that this will actually influence a female bird is the same in the two populations.","correct",30,30,38,"2: female","In one of your comprehension questions you asked about the chance of a male bird with amino-regulin finding a mate in western vs eastern populations.  According to the chart, the direct influence of amino-regulin on finding a mate is 0.9 in both populations, so I chose the answer option where the odds are the same in both populations.  But if the presence of amino-regulin in the western population makes it much more likely that the male bird sings, then the presence of amino-regulin also indireclty increases the chance of a male bird finding in mate in the western population more than the eastern population.  Depending on how you interpret the question, there are two correct answers.","673ad3a2a48912c63834360d",2025-09-26 09:43:14
1,"R4GKT3yCNldR","1: I confirm","1: I will take it seriously","generative","09_01","it tends to have a <b><font color='LimeGreen'>positive</font></b> influence on female birds.","the probability that this will actually influence a female bird is the same in the two populations.","correct","it tends to have a <b><font color='LimeGreen'>positive</font></b> influence on the ability to produce the sound.","the probability that this will actually influence that male's ability to produce the distinct sound is higher in the Western than in the Eastern population.","correct",2,"it tends to have a <b><font color='LimeGreen'>positive</font></b> direct influence on female birds.","the probability that this will actually influence a female bird is the same in the two populations.","correct",30,30,51,"2: female",NA,"5a6bb8829d65ec00017e8290",2025-09-26 09:44:11
1,"0NMWJBUDMPnC","1: I confirm","1: I will take it seriously","generative","09_01","it tends to have a <b><font color='LimeGreen'>positive</font></b> influence on female birds.","the probability that this will actually influence a female bird is the same in the two populations.","correct","it tends to have a <b><font color='LimeGreen'>positive</font></b> influence on the ability to produce the sound.","the probability that this will actually influence that male's ability to produce the distinct sound is higher in the Western than in the Eastern population.","correct",1,"it tends to have a <b><font color='LimeGreen'>positive</font></b> direct influence on female birds.","the probability that this will actually influence a female bird is the same in the two populations.","correct",3,3,67,"1: male",NA,"67ebaba2c24f8043dbe98e19",2025-09-26 09:57:39
1,"6qiQEF23Jqux","1: I confirm","1: I will take it seriously","generative","09_01","it tends to have a <b><font color='LimeGreen'>positive</font></b> influence on female birds.","the probability that this will actually influence a female bird is the same in the two populations.","correct","it tends to have a <b><font color='LimeGreen'>positive</font></b> influence on the ability to produce the sound.","the probability that this will actually influence that male's ability to produce the distinct sound is higher in the Western than in the Eastern population.","correct",2,"it tends to have a <b><font color='LimeGreen'>positive</font></b> direct influence on female birds.","the probability that this will actually influence a female bird is the same in the two populations.","correct",60,40,57,"1: male",NA,"58ff31a1d10e2b000108579e",2025-09-26 10:09:26
1,"KLKaZEww0F2v","1: I confirm","1: I will take it seriously","generative","09_01","it tends to have a <b><font color='LimeGreen'>positive</font></b> influence on female birds.","the probability that this will actually influence a female bird is the same in the two populations.","correct","it tends to have a <b><font color='LimeGreen'>positive</font></b> influence on the ability to produce the sound.","the probability that this will actually influence that male's ability to produce the distinct sound is higher in the Western than in the Eastern population.","correct",1,"it tends to have a <b><font color='LimeGreen'>positive</font></b> direct influence on female birds.","the probability that this will actually influence a female bird is the same in the two populations.","correct",30,30,33,"1: male",NA,"6719761fc33e7e0d88199445",2025-09-26 10:13:27
1,"Z4W71EWvEf6i","1: I confirm","1: I will take it seriously","generative","09_01","it tends to have a <b><font color='LimeGreen'>positive</font></b> influence on female birds.","the probability that this will actually influence a female bird is the same in the two populations.","correct","it tends to have a <b><font color='LimeGreen'>positive</font></b> influence on the ability to produce the sound.","the probability that this will actually influence that male's ability to produce the distinct sound is higher in the Western than in the Eastern population.","correct",2,"it tends to have a <b><font color='LimeGreen'>positive</font></b> direct influence on female birds.","the probability that this will actually influence a female bird is the same in the two populations.","correct",90,50,34,"2: female",NA,"6658d66a5e45cac0aaeb54de",2025-09-26 10:24:49
1,"WnoJ5vIMIGAU","1: I confirm","1: I will take it seriously","generative","09_01","it tends to have a <b><font color='LimeGreen'>positive</font></b> influence on female birds.","the probability that this will actually influence a female bird is the same in the two populations.","correct","it tends to have a <b><font color='LimeGreen'>positive</font></b> influence on the ability to produce the sound.","the probability that this will actually influence that male's ability to produce the distinct sound is higher in the Western than in the Eastern population.","correct",2,"it tends to have a <b><font color='LimeGreen'>positive</font></b> direct influence on female birds.","the probability that this will actually influence a female bird is the same in the two populations.","correct",78,33,39,"1: male",NA,"5f5bb87a0093333445af65f2",2025-09-26 10:41:40
1,"25EIzUVBZGt7","1: I confirm","1: I will take it seriously","generative","09_01","it tends to have a <b><font color='LimeGreen'>positive</font></b> influence on female birds.","the probability that this will actually influence a female bird is the same in the two populations.","correct","it tends to have a <b><font color='LimeGreen'>positive</font></b> influence on the ability to produce the sound.","the probability that this will actually influence that male's ability to produce the distinct sound is higher in the Western than in the Eastern population.","correct",1,"it tends to have a <b><font color='LimeGreen'>positive</font></b> direct influence on female birds.","the probability that this will actually influence a female bird is the same in the two populations.","correct",30,30,32,"1: male",NA,"5db7b4c243de97000d4b88e8",2025-09-26 11:38:02
1,"r0OPdoi0XIzl","1: I confirm","1: I will take it seriously","generative","09_01","it tends to have a <b><font color='LimeGreen'>positive</font></b> influence on female birds.","the probability that this will actually influence a female bird is the same in the two populations.","correct","it tends to have a <b><font color='LimeGreen'>positive</font></b> influence on the ability to produce the sound.","the probability that this will actually influence that male's ability to produce the distinct sound is higher in the Western than in the Eastern population.","correct",1,"it tends to have a <b><font color='LimeGreen'>positive</font></b> direct influence on female birds.","the probability that this will actually influence a female bird is the same in the two populations.","correct",85,15,62,"1: male",NA,"57756cc47ba34c00010c8844",2025-09-26 11:38:42
1,"G67fVNVNDU9a","1: I confirm","1: I will take it seriously","generative","09_01","it tends to have a <b><font color='LimeGreen'>positive</font></b> influence on female birds.","the probability that this will actually influence a female bird is the same in the two populations.","correct","it tends to have a <b><font color='LimeGreen'>positive</font></b> influence on the ability to produce the sound.","the probability that this will actually influence that male's ability to produce the distinct sound is higher in the Western than in the Eastern population.","correct",2,"it tends to have a <b><font color='LimeGreen'>positive</font></b> direct influence on female birds.","the probability that this will actually influence a female bird is the same in the two populations.","correct",90,90,56,"1: male",NA,"681d11acf32ffbb177100579",2025-09-26 12:00:29
1,"RKErKH7qcaFy","1: I confirm","1: I will take it seriously","generative","09_01","it tends to have a <b><font color='LimeGreen'>positive</font></b> influence on female birds.","the probability that this will actually influence a female bird is the same in the two populations.","correct","it tends to have a <b><font color='LimeGreen'>positive</font></b> influence on the ability to produce the sound.","the probability that this will actually influence that male's ability to produce the distinct sound is higher in the Western than in the Eastern population.","correct",2,"it tends to have a <b><font color='LimeGreen'>positive</font></b> direct influence on female birds.","the probability that this will actually influence a female bird is the same in the two populations.","correct",50,25,38,"1: male",NA,"5c2b9ce5b337310001996c05",2025-09-26 12:34:04
1,"bc9T0VX1fTqV","1: I confirm","1: I will take it seriously","generative","09_01","it tends to have a <b><font color='LimeGreen'>positive</font></b> influence on female birds.","the probability that this will actually influence a female bird is the same in the two populations.","correct","it tends to have a <b><font color='LimeGreen'>positive</font></b> influence on the ability to produce the sound.","the probability that this will actually influence that male's ability to produce the distinct sound is higher in the Western than in the Eastern population.","correct",1,"it tends to have a <b><font color='LimeGreen'>positive</font></b> direct influence on female birds.","the probability that this will actually influence a female bird is the same in the two populations.","correct",30,30,26,"1: male","Thank you.","677c11bc346d7ba49dae4d55",2025-09-26 13:41:54
1,"Vv5MhxVKTDoq","1: I confirm","1: I will take it seriously","generative","09_01","it tends to have a <b><font color='LimeGreen'>positive</font></b> influence on female birds.","the probability that this will actually influence a female bird is the same in the two populations.","correct","it tends to have a <b><font color='LimeGreen'>positive</font></b> influence on the ability to produce the sound.","the probability that this will actually influence that male's ability to produce the distinct sound is higher in the Western than in the Eastern population.","correct",1,"it tends to have a <b><font color='LimeGreen'>positive</font></b> direct influence on female birds.","the probability that this will actually influence a female bird is the same in the two populations.","correct",30,30,30,"2: female",NA,"665d5a08c8e61c18498d08c9",2025-09-26 13:45:18
1,"0hdRGAUMeSBJ","1: I confirm","1: I will take it seriously","generative","09_01","it tends to have a <b><font color='LimeGreen'>positive</font></b> influence on female birds.","the probability that this will actually influence a female bird is the same in the two populations.","correct","it tends to have a <b><font color='LimeGreen'>positive</font></b> influence on the ability to produce the sound.","the probability that this will actually influence that male's ability to produce the distinct sound is higher in the Western than in the Eastern population.","correct",1,"it tends to have a <b><font color='LimeGreen'>positive</font></b> direct influence on female birds.","the probability that this will actually influence a female bird is the same in the two populations.","correct",80,60,42,"1: male",NA,"60cedc739316634c0630f80f",2025-09-26 13:45:28
1,"yRCF31o9IKWp","1: I confirm","1: I will take it seriously","generative","09_01","it tends to have a <b><font color='LimeGreen'>positive</font></b> influence on female birds.","the probability that this will actually influence a female bird is the same in the two populations.","correct","it tends to have a <b><font color='LimeGreen'>positive</font></b> influence on the ability to produce the sound.","the probability that this will actually influence that male's ability to produce the distinct sound is higher in the Western than in the Eastern population.","correct",2,"it tends to have a <b><font color='LimeGreen'>positive</font></b> direct influence on female birds.","the probability that this will actually influence a female bird is the same in the two populations.","correct",30,30,21,"1: male",NA,"65031d5ca9f619d9e0412f0a",2025-09-26 13:54:10
1,"jWfOBX1C6MQ5","1: I confirm","1: I will take it seriously","generative","09_01","it tends to have a <b><font color='LimeGreen'>positive</font></b> influence on female birds.","the probability that this will actually influence a female bird is the same in the two populations.","correct","it tends to have a <b><font color='LimeGreen'>positive</font></b> influence on the ability to produce the sound.","the probability that this will actually influence that male's ability to produce the distinct sound is higher in the Western than in the Eastern population.","correct",2,"it tends to have a <b><font color='LimeGreen'>positive</font></b> direct influence on female birds.","the probability that this will actually influence a female bird is the same in the two populations.","correct",30,30,30,"1: male",NA,"675ce427f72ea526d6083376",2025-09-26 14:43:36
1,"rZvblcORypQ4","1: I confirm","1: I will take it seriously","generative","09_01","it tends to have a <b><font color='LimeGreen'>positive</font></b> influence on female birds.","the probability that this will actually influence a female bird is the same in the two populations.","correct","it tends to have a <b><font color='LimeGreen'>positive</font></b> influence on the ability to produce the sound.","the probability that this will actually influence that male's ability to produce the distinct sound is higher in the Western than in the Eastern population.","correct",1,"it tends to have a <b><font color='LimeGreen'>positive</font></b> direct influence on female birds.","the probability that this will actually influence a female bird is the same in the two populations.","correct",70,40,20,"1: male",NA,"66a261c8cd2d7a18cbe95b9a",2025-09-26 14:59:20
1,"PQBi33BdmGVb","1: I confirm","1: I will take it seriously","generative","09_01","it tends to have a <b><font color='LimeGreen'>positive</font></b> influence on female birds.","the probability that this will actually influence a female bird is the same in the two populations.","correct","it tends to have a <b><font color='LimeGreen'>positive</font></b> influence on the ability to produce the sound.","the probability that this will actually influence that male's ability to produce the distinct sound is higher in the Western than in the Eastern population.","correct",1,"it tends to have a <b><font color='LimeGreen'>positive</font></b> direct influence on female birds.","the probability that this will actually influence a female bird is the same in the two populations.","correct",30,30,33,"1: male",NA,"629dd4199343d7710fcdb39c",2025-09-26 15:43:48
2,"rKy4eqwRT8hE","1: I confirm","1: I will take it seriously","generative","01_09","it tends to have a <b><font color='LimeGreen'>positive</font></b> influence on female birds.","the probability that this will actually influence a female bird is the same in the two populations.","correct","it tends to have a <b><font color='LimeGreen'>positive</font></b> influence on the ability to produce the sound.","the probability that this will actually influence that male's ability to produce the distinct sound is higher in the Eastern than in the Western population.","correct",3,"it tends to have a <b><font color='LimeGreen'>positive</font></b> direct influence on female birds.","the probability that this will actually influence a female bird is the same in the two populations.","correct",95,95,28,"1: male",NA,"678a318061025ebe627384b6",2025-09-26 09:29:57
2,"OYfbAyAZMIEr","1: I confirm","1: I will take it seriously","generative","01_09","it tends to have a <b><font color='LimeGreen'>positive</font></b> influence on female birds.","the probability that this will actually influence a female bird is the same in the two populations.","correct","it tends to have a <b><font color='LimeGreen'>positive</font></b> influence on the ability to produce the sound.","the probability that this will actually influence that male's ability to produce the distinct sound is higher in the Eastern than in the Western population.","correct",2,"it tends to have a <b><font color='LimeGreen'>positive</font></b> direct influence on female birds.","the probability that this will actually influence a female bird is the same in the two populations.","correct",90,10,54,"1: male",NA,"67f8c966e81fca013fa2407a",2025-09-26 09:33:53
2,"BM4jj8QpiBLM","1: I confirm","1: I will take it seriously","generative","01_09","it tends to have a <b><font color='LimeGreen'>positive</font></b> influence on female birds.","the probability that this will actually influence a female bird is the same in the two populations.","correct","it tends to have a <b><font color='LimeGreen'>positive</font></b> influence on the ability to produce the sound.","the probability that this will actually influence that male's ability to produce the distinct sound is higher in the Eastern than in the Western population.","correct",3,"it tends to have a <b><font color='LimeGreen'>positive</font></b> direct influence on female birds.","the probability that this will actually influence a female bird is the same in the two populations.","correct",100,40,35,"1: male",NA,"5fa50b127648f9040e1e9716",2025-09-26 09:38:34
2,"BUv1PCnx1Cni","1: I confirm","1: I will take it seriously","generative","01_09","it tends to have a <b><font color='LimeGreen'>positive</font></b> influence on female birds.","the probability that this will actually influence a female bird is the same in the two populations.","correct","it tends to have a <b><font color='LimeGreen'>positive</font></b> influence on the ability to produce the sound.","the probability that this will actually influence that male's ability to produce the distinct sound is higher in the Eastern than in the Western population.","correct",1,"it tends to have a <b><font color='LimeGreen'>positive</font></b> direct influence on female birds.","the probability that this will actually influence a female bird is the same in the two populations.","correct",30,30,50,"1: male",NA,"67103aecd3a626ec9024ed2a",2025-09-26 09:38:38
2,"Y3xqD9Kj77cN","1: I confirm","1: I will take it seriously","generative","01_09","it tends to have a <b><font color='LimeGreen'>positive</font></b> influence on female birds.","the probability that this will actually influence a female bird is the same in the two populations.","correct","it tends to have a <b><font color='LimeGreen'>positive</font></b> influence on the ability to produce the sound.","the probability that this will actually influence that male's ability to produce the distinct sound is higher in the Eastern than in the Western population.","correct",1,"it tends to have a <b><font color='LimeGreen'>positive</font></b> direct influence on female birds.","the probability that this will actually influence a female bird is the same in the two populations.","correct",60,60,63,"1: male",NA,"66ddd34dd909724fe8747ae7",2025-09-26 09:58:27
2,"hjKxrXj6LlUq","1: I confirm","1: I will take it seriously","generative","01_09","it tends to have a <b><font color='LimeGreen'>positive</font></b> influence on female birds.","the probability that this will actually influence a female bird is the same in the two populations.","correct","it tends to have a <b><font color='LimeGreen'>positive</font></b> influence on the ability to produce the sound.","the probability that this will actually influence that male's ability to produce the distinct sound is higher in the Eastern than in the Western population.","correct",1,"it tends to have a <b><font color='LimeGreen'>positive</font></b> direct influence on female birds.","the probability that this will actually influence a female bird is the same in the two populations.","correct",30,30,44,"1: male",NA,"666ec9dfb9039b8071d8bb25",2025-09-26 09:59:29
2,"5kSyZerDcszH","1: I confirm","1: I will take it seriously","generative","01_09","it tends to have a <b><font color='LimeGreen'>positive</font></b> influence on female birds.","the probability that this will actually influence a female bird is the same in the two populations.","correct","it tends to have a <b><font color='LimeGreen'>positive</font></b> influence on the ability to produce the sound.","the probability that this will actually influence that male's ability to produce the distinct sound is higher in the Eastern than in the Western population.","correct",1,"it tends to have a <b><font color='LimeGreen'>positive</font></b> direct influence on female birds.","the probability that this will actually influence a female bird is the same in the two populations.","correct",30,30,52,"1: male",NA,"6655e364ffff4d877ac0d432",2025-09-26 10:11:11
2,"vzk6hWHIC5ls","1: I confirm","1: I will take it seriously","generative","01_09","it tends to have a <b><font color='LimeGreen'>positive</font></b> influence on female birds.","the probability that this will actually influence a female bird is the same in the two populations.","correct","it tends to have a <b><font color='LimeGreen'>positive</font></b> influence on the ability to produce the sound.","the probability that this will actually influence that male's ability to produce the distinct sound is higher in the Eastern than in the Western population.","correct",1,"it tends to have a <b><font color='LimeGreen'>positive</font></b> direct influence on female birds.","the probability that this will actually influence a female bird is the same in the two populations.","correct",90,20,43,"2: female",NA,"5e61f36dc7061b0c396928f2",2025-09-26 11:46:49
2,"Ho6GCnagoNd9","1: I confirm","1: I will take it seriously","generative","01_09","it tends to have a <b><font color='LimeGreen'>positive</font></b> influence on female birds.","the probability that this will actually influence a female bird is the same in the two populations.","correct","it tends to have a <b><font color='LimeGreen'>positive</font></b> influence on the ability to produce the sound.","the probability that this will actually influence that male's ability to produce the distinct sound is higher in the Eastern than in the Western population.","correct",1,"it tends to have a <b><font color='LimeGreen'>positive</font></b> direct influence on female birds.","the probability that this will actually influence a female bird is the same in the two populations.","correct",30,30,56,"1: male",NA,"5bcc98d1db645700015222b5",2025-09-26 11:56:30
2,"iM0TZQ0inxcK","1: I confirm","1: I will take it seriously","generative","01_09","it tends to have a <b><font color='LimeGreen'>positive</font></b> influence on female birds.","the probability that this will actually influence a female bird is the same in the two populations.","correct","it tends to have a <b><font color='LimeGreen'>positive</font></b> influence on the ability to produce the sound.","the probability that this will actually influence that male's ability to produce the distinct sound is higher in the Eastern than in the Western population.","correct",1,"it tends to have a <b><font color='LimeGreen'>positive</font></b> direct influence on female birds.","the probability that this will actually influence a female bird is the same in the two populations.","correct",30,30,40,"1: male",NA,"5c3435c893416800016dd400",2025-09-26 12:25:14
2,"O9ONpq1pZC7P","1: I confirm","1: I will take it seriously","generative","01_09","it tends to have a <b><font color='LimeGreen'>positive</font></b> influence on female birds.","the probability that this will actually influence a female bird is the same in the two populations.","correct","it tends to have a <b><font color='LimeGreen'>positive</font></b> influence on the ability to produce the sound.","the probability that this will actually influence that male's ability to produce the distinct sound is higher in the Eastern than in the Western population.","correct",1,"it tends to have a <b><font color='LimeGreen'>positive</font></b> direct influence on female birds.","the probability that this will actually influence a female bird is the same in the two populations.","correct",30,30,62,"1: male","none","615ddab1e4f013092538b6c5",2025-09-26 12:30:42
2,"C8gmFAoWcoIf","1: I confirm","1: I will take it seriously","generative","01_09","it tends to have a <b><font color='LimeGreen'>positive</font></b> influence on female birds.","the probability that this will actually influence a female bird is the same in the two populations.","correct","it tends to have a <b><font color='LimeGreen'>positive</font></b> influence on the ability to produce the sound.","the probability that this will actually influence that male's ability to produce the distinct sound is higher in the Eastern than in the Western population.","correct",1,"it tends to have a <b><font color='LimeGreen'>positive</font></b> direct influence on female birds.","the probability that this will actually influence a female bird is the same in the two populations.","correct",30,30,51,"2: female",NA,"57404490d700ea000ef44990",2025-09-26 12:43:38
2,"YagIkRH5Vaie","1: I confirm","1: I will take it seriously","generative","01_09","it tends to have a <b><font color='LimeGreen'>positive</font></b> influence on female birds.","the probability that this will actually influence a female bird is the same in the two populations.","correct","it tends to have a <b><font color='LimeGreen'>positive</font></b> influence on the ability to produce the sound.","the probability that this will actually influence that male's ability to produce the distinct sound is higher in the Eastern than in the Western population.","correct",1,"it tends to have a <b><font color='LimeGreen'>positive</font></b> direct influence on female birds.","the probability that this will actually influence a female bird is the same in the two populations.","correct",72,55,25,"2: female",NA,"648868c355e5b891758c5767",2025-09-26 13:41:46
2,"vrfgAcvlM6zf","1: I confirm","1: I will take it seriously","generative","01_09","it tends to have a <b><font color='LimeGreen'>positive</font></b> influence on female birds.","the probability that this will actually influence a female bird is the same in the two populations.","correct","it tends to have a <b><font color='LimeGreen'>positive</font></b> influence on the ability to produce the sound.","the probability that this will actually influence that male's ability to produce the distinct sound is higher in the Eastern than in the Western population.","correct",2,"it tends to have a <b><font color='LimeGreen'>positive</font></b> direct influence on female birds.","the probability that this will actually influence a female bird is the same in the two populations.","correct",65,60,58,"1: male",NA,"5e54082eb6e7cd414d4eae0e",2025-09-26 13:45:21
2,"ezDcbgXD2o33","1: I confirm","1: I will take it seriously","generative","01_09","it tends to have a <b><font color='LimeGreen'>positive</font></b> influence on female birds.","the probability that this will actually influence a female bird is the same in the two populations.","correct","it tends to have a <b><font color='LimeGreen'>positive</font></b> influence on the ability to produce the sound.","the probability that this will actually influence that male's ability to produce the distinct sound is higher in the Eastern than in the Western population.","correct",3,"it tends to have a <b><font color='LimeGreen'>positive</font></b> direct influence on female birds.","the probability that this will actually influence a female bird is the same in the two populations.","correct",51,53,35,"1: male",NA,"6628a3681315ec7685cfcf21",2025-09-26 13:46:09
2,"UR6r9cNCz49P","1: I confirm","1: I will take it seriously","generative","01_09","it tends to have a <b><font color='LimeGreen'>positive</font></b> influence on female birds.","the probability that this will actually influence a female bird is the same in the two populations.","correct","it tends to have a <b><font color='LimeGreen'>positive</font></b> influence on the ability to produce the sound.","the probability that this will actually influence that male's ability to produce the distinct sound is higher in the Eastern than in the Western population.","correct",1,"it tends to have a <b><font color='LimeGreen'>positive</font></b> direct influence on female birds.","the probability that this will actually influence a female bird is the same in the two populations.","correct",30,30,31,"1: male",NA,"676afbdcf204d0ab9df03494",2025-09-26 14:27:53
2,"ZhxZnrul4JIc","1: I confirm","1: I will take it seriously","generative","01_09","it tends to have a <b><font color='LimeGreen'>positive</font></b> influence on female birds.","the probability that this will actually influence a female bird is the same in the two populations.","correct","it tends to have a <b><font color='LimeGreen'>positive</font></b> influence on the ability to produce the sound.","the probability that this will actually influence that male's ability to produce the distinct sound is higher in the Eastern than in the Western population.","correct",3,"it tends to have a <b><font color='LimeGreen'>positive</font></b> direct influence on female birds.","the probability that this will actually influence a female bird is the same in the two populations.","correct",30,30,26,"1: male",NA,"666570a5c8a667997d78d7fa",2025-09-26 14:59:38
2,"lChHbB0S24Gi","1: I confirm","1: I will take it seriously","generative","01_09","it tends to have a <b><font color='LimeGreen'>positive</font></b> influence on female birds.","the probability that this will actually influence a female bird is the same in the two populations.","correct","it tends to have a <b><font color='LimeGreen'>positive</font></b> influence on the ability to produce the sound.","the probability that this will actually influence that male's ability to produce the distinct sound is higher in the Eastern than in the Western population.","correct",2,"it tends to have a <b><font color='LimeGreen'>positive</font></b> direct influence on female birds.","the probability that this will actually influence a female bird is the same in the two populations.","correct",50,50,69,"1: male",NA,"5bb7abf3c190e20001e5c2c8",2025-09-26 15:12:24
2,"hm0hIzh5Nuvy","1: I confirm","1: I will take it seriously","generative","01_09","it tends to have a <b><font color='LimeGreen'>positive</font></b> influence on female birds.","the probability that this will actually influence a female bird is the same in the two populations.","correct","it tends to have a <b><font color='LimeGreen'>positive</font></b> influence on the ability to produce the sound.","the probability that this will actually influence that male's ability to produce the distinct sound is higher in the Eastern than in the Western population.","correct",2,"it tends to have a <b><font color='LimeGreen'>positive</font></b> direct influence on female birds.","the probability that this will actually influence a female bird is the same in the two populations.","correct",9,9,62,"2: female",NA,"67b61bec5ba983e69c97bcf9",2025-09-26 16:09:54
2,"h1B2kJmCNKY6","1: I confirm","1: I will take it seriously","generative","01_09","it tends to have a <b><font color='LimeGreen'>positive</font></b> influence on female birds.","the probability that this will actually influence a female bird is the same in the two populations.","correct","it tends to have a <b><font color='LimeGreen'>positive</font></b> influence on the ability to produce the sound.","the probability that this will actually influence that male's ability to produce the distinct sound is higher in the Eastern than in the Western population.","correct",1,"it tends to have a <b><font color='LimeGreen'>positive</font></b> direct influence on female birds.","the probability that this will actually influence a female bird is the same in the two populations.","correct",30,30,28,"2: female",NA,"61572bb9898b17bfd12fec8a",2025-09-26 17:10:51
3,"o4PBaVoaaf6F","1: I confirm","1: I will take it seriously","preventive","09_01","it tends to have a <b><font color='LimeGreen'>positive</font></b> influence on female birds.","the probability that this will actually influence a female bird is the same in the two populations.","correct","it tends to have a <b><font color='red'>negative</font></b> influence on the ability to produce the sound.","the probability that this will actually influence that male's ability to produce the distinct sound is higher in the Western than in the Eastern population.","correct",1,"it tends to have a <b><font color='LimeGreen'>positive</font></b> direct influence on female birds.","the probability that this will actually influence a female bird is the same in the two populations.","correct",35,40,30,"1: male",NA,"6672d80db5976c83ec699f3a",2025-09-26 09:19:49
3,"ycLWRYTS9xzh","1: I confirm","1: I will take it seriously","preventive","09_01","it tends to have a <b><font color='LimeGreen'>positive</font></b> influence on female birds.","the probability that this will actually influence a female bird is the same in the two populations.","correct","it tends to have a <b><font color='red'>negative</font></b> influence on the ability to produce the sound.","the probability that this will actually influence that male's ability to produce the distinct sound is higher in the Western than in the Eastern population.","correct",2,"it tends to have a <b><font color='LimeGreen'>positive</font></b> direct influence on female birds.","the probability that this will actually influence a female bird is the same in the two populations.","correct",65,90,36,"2: female",NA,"546e8bc6fdf99b2bc7ebd029",2025-09-26 09:32:06
3,"CwXBLyJZLtqy","1: I confirm","1: I will take it seriously","preventive","09_01","it tends to have a <b><font color='LimeGreen'>positive</font></b> influence on female birds.","the probability that this will actually influence a female bird is the same in the two populations.","correct","it tends to have a <b><font color='red'>negative</font></b> influence on the ability to produce the sound.","the probability that this will actually influence that male's ability to produce the distinct sound is higher in the Western than in the Eastern population.","correct",1,"it tends to have a <b><font color='LimeGreen'>positive</font></b> direct influence on female birds.","the probability that this will actually influence a female bird is the same in the two populations.","correct",33,33,28,"2: female",NA,"66b5172c8f0bd3b23ce66c22",2025-09-26 09:37:14
3,"McDp8C0TnWBa","1: I confirm","1: I will take it seriously","preventive","09_01","it tends to have a <b><font color='LimeGreen'>positive</font></b> influence on female birds.","the probability that this will actually influence a female bird is the same in the two populations.","correct","it tends to have a <b><font color='red'>negative</font></b> influence on the ability to produce the sound.","the probability that this will actually influence that male's ability to produce the distinct sound is higher in the Western than in the Eastern population.","correct",1,"it tends to have a <b><font color='LimeGreen'>positive</font></b> direct influence on female birds.","the probability that this will actually influence a female bird is the same in the two populations.","correct",50,50,29,"1: male",NA,"672e27b3a0c448dc9387c7c9",2025-09-26 09:57:15
3,"j7V9O4sB2nHQ","1: I confirm","1: I will take it seriously","preventive","09_01","it tends to have a <b><font color='LimeGreen'>positive</font></b> influence on female birds.","the probability that this will actually influence a female bird is the same in the two populations.","correct","it tends to have a <b><font color='red'>negative</font></b> influence on the ability to produce the sound.","the probability that this will actually influence that male's ability to produce the distinct sound is higher in the Western than in the Eastern population.","correct",1,"it tends to have a <b><font color='LimeGreen'>positive</font></b> direct influence on female birds.","the probability that this will actually influence a female bird is the same in the two populations.","correct",70,70,32,"1: male",NA,"656c97dad85d1ebbb4fa93f3",2025-09-26 10:05:05
3,"5DDn7pQR5ORJ","1: I confirm","1: I will take it seriously","preventive","09_01","it tends to have a <b><font color='LimeGreen'>positive</font></b> influence on female birds.","the probability that this will actually influence a female bird is the same in the two populations.","correct","it tends to have a <b><font color='red'>negative</font></b> influence on the ability to produce the sound.","the probability that this will actually influence that male's ability to produce the distinct sound is higher in the Western than in the Eastern population.","correct",1,"it tends to have a <b><font color='LimeGreen'>positive</font></b> direct influence on female birds.","the probability that this will actually influence a female bird is the same in the two populations.","correct",30,30,40,"2: female",NA,"6099911160f3e9d0d94b18e8",2025-09-26 11:45:09
3,"dYKhd4eG4MgK","1: I confirm","1: I will take it seriously","preventive","09_01","it tends to have a <b><font color='LimeGreen'>positive</font></b> influence on female birds.","the probability that this will actually influence a female bird is the same in the two populations.","correct","it tends to have a <b><font color='red'>negative</font></b> influence on the ability to produce the sound.","the probability that this will actually influence that male's ability to produce the distinct sound is higher in the Western than in the Eastern population.","correct",1,"it tends to have a <b><font color='LimeGreen'>positive</font></b> direct influence on female birds.","the probability that this will actually influence a female bird is the same in the two populations.","correct",60,80,25,"2: female",NA,"60d3867b6e7529fc77032b54",2025-09-26 11:48:09
3,"LlxxDStqFRKv","1: I confirm","1: I will take it seriously","preventive","09_01","it tends to have a <b><font color='LimeGreen'>positive</font></b> influence on female birds.","the probability that this will actually influence a female bird is the same in the two populations.","correct","it tends to have a <b><font color='red'>negative</font></b> influence on the ability to produce the sound.","the probability that this will actually influence that male's ability to produce the distinct sound is higher in the Western than in the Eastern population.","correct",1,"it tends to have a <b><font color='LimeGreen'>positive</font></b> direct influence on female birds.","the probability that this will actually influence a female bird is the same in the two populations.","correct",30,90,31,"1: male",NA,"60aac2137954982efe1026c0",2025-09-26 11:54:28
3,"8vSWWey1sxa1","1: I confirm","1: I will take it seriously","preventive","09_01","it tends to have a <b><font color='LimeGreen'>positive</font></b> influence on female birds.","the probability that this will actually influence a female bird is the same in the two populations.","correct","it tends to have a <b><font color='red'>negative</font></b> influence on the ability to produce the sound.","the probability that this will actually influence that male's ability to produce the distinct sound is higher in the Western than in the Eastern population.","correct",1,"it tends to have a <b><font color='LimeGreen'>positive</font></b> direct influence on female birds.","the probability that this will actually influence a female bird is the same in the two populations.","correct",30,50,49,"2: female",NA,"5e35373e1ddb124e6c306747",2025-09-26 12:00:14
3,"sezhN491gWIQ","1: I confirm","1: I will take it seriously","preventive","09_01","it tends to have a <b><font color='LimeGreen'>positive</font></b> influence on female birds.","the probability that this will actually influence a female bird is the same in the two populations.","correct","it tends to have a <b><font color='red'>negative</font></b> influence on the ability to produce the sound.","the probability that this will actually influence that male's ability to produce the distinct sound is higher in the Western than in the Eastern population.","correct",1,"it tends to have a <b><font color='LimeGreen'>positive</font></b> direct influence on female birds.","the probability that this will actually influence a female bird is the same in the two populations.","correct",30,30,23,"2: female",NA,"61100c9dd41f288cd60f6415",2025-09-26 12:04:30
3,"zFa4S6hdQE9Z","1: I confirm","1: I will take it seriously","preventive","09_01","it tends to have a <b><font color='LimeGreen'>positive</font></b> influence on female birds.","the probability that this will actually influence a female bird is the same in the two populations.","correct","it tends to have a <b><font color='red'>negative</font></b> influence on the ability to produce the sound.","the probability that this will actually influence that male's ability to produce the distinct sound is higher in the Western than in the Eastern population.","correct",1,"it tends to have a <b><font color='LimeGreen'>positive</font></b> direct influence on female birds.","the probability that this will actually influence a female bird is the same in the two populations.","correct",30,30,41,"1: male",NA,"63d7b30ddc8ceb61c74fe85b",2025-09-26 12:26:08
3,"4Dj8dNDoZqrH","1: I confirm","1: I will take it seriously","preventive","09_01","it tends to have a <b><font color='LimeGreen'>positive</font></b> influence on female birds.","the probability that this will actually influence a female bird is the same in the two populations.","correct","it tends to have a <b><font color='red'>negative</font></b> influence on the ability to produce the sound.","the probability that this will actually influence that male's ability to produce the distinct sound is higher in the Western than in the Eastern population.","correct",1,"it tends to have a <b><font color='LimeGreen'>positive</font></b> direct influence on female birds.","the probability that this will actually influence a female bird is the same in the two populations.","correct",30,50,50,"1: male",NA,"572bcdbb34b25a0010ddd977",2025-09-26 13:44:32
3,"FFOnC1emX5rx","1: I confirm","1: I will take it seriously","preventive","09_01","it tends to have a <b><font color='LimeGreen'>positive</font></b> influence on female birds.","the probability that this will actually influence a female bird is the same in the two populations.","correct","it tends to have a <b><font color='red'>negative</font></b> influence on the ability to produce the sound.","the probability that this will actually influence that male's ability to produce the distinct sound is higher in the Western than in the Eastern population.","correct",2,"it tends to have a <b><font color='LimeGreen'>positive</font></b> direct influence on female birds.","the probability that this will actually influence a female bird is the same in the two populations.","correct",30,30,53,"1: male",NA,"651c1d7524852e9f9d614ce3",2025-09-26 13:45:21
3,"QTYeRiXJK3PA","1: I confirm","1: I will take it seriously","preventive","09_01","it tends to have a <b><font color='LimeGreen'>positive</font></b> influence on female birds.","the probability that this will actually influence a female bird is the same in the two populations.","correct","it tends to have a <b><font color='red'>negative</font></b> influence on the ability to produce the sound.","the probability that this will actually influence that male's ability to produce the distinct sound is higher in the Western than in the Eastern population.","correct",2,"it tends to have a <b><font color='LimeGreen'>positive</font></b> direct influence on female birds.","the probability that this will actually influence a female bird is the same in the two populations.","correct",40,80,64,"1: male",NA,"650864268a31fd9d2b8f84ee",2025-09-26 13:47:39
3,"9ZCcM8qlMUdg","1: I confirm","1: I will take it seriously","preventive","09_01","it tends to have a <b><font color='LimeGreen'>positive</font></b> influence on female birds.","the probability that this will actually influence a female bird is the same in the two populations.","correct","it tends to have a <b><font color='red'>negative</font></b> influence on the ability to produce the sound.","the probability that this will actually influence that male's ability to produce the distinct sound is higher in the Western than in the Eastern population.","correct",1,"it tends to have a <b><font color='LimeGreen'>positive</font></b> direct influence on female birds.","the probability that this will actually influence a female bird is the same in the two populations.","correct",90,90,29,"2: female",NA,"673b7ef45c9291ade287d5d7",2025-09-26 13:58:11
3,"fZEzXvJyMDU9","1: I confirm","1: I will take it seriously","preventive","09_01","it tends to have a <b><font color='LimeGreen'>positive</font></b> influence on female birds.","the probability that this will actually influence a female bird is the same in the two populations.","correct","it tends to have a <b><font color='red'>negative</font></b> influence on the ability to produce the sound.","the probability that this will actually influence that male's ability to produce the distinct sound is higher in the Western than in the Eastern population.","correct",1,"it tends to have a <b><font color='LimeGreen'>positive</font></b> direct influence on female birds.","the probability that this will actually influence a female bird is the same in the two populations.","correct",90,90,67,"2: female",NA,"5fb3eee93064870009d4ed30",2025-09-26 14:10:57
3,"B0CYV7wVp0GR","1: I confirm","1: I will take it seriously","preventive","09_01","it tends to have a <b><font color='LimeGreen'>positive</font></b> influence on female birds.","the probability that this will actually influence a female bird is the same in the two populations.","correct","it tends to have a <b><font color='red'>negative</font></b> influence on the ability to produce the sound.","the probability that this will actually influence that male's ability to produce the distinct sound is higher in the Western than in the Eastern population.","correct",1,"it tends to have a <b><font color='LimeGreen'>positive</font></b> direct influence on female birds.","the probability that this will actually influence a female bird is the same in the two populations.","correct",30,30,28,"1: male",NA,"6722478c409070762121307f",2025-09-26 14:32:17
3,"67sZrWAXM0Re","1: I confirm","1: I will take it seriously","preventive","09_01","it tends to have a <b><font color='LimeGreen'>positive</font></b> influence on female birds.","the probability that this will actually influence a female bird is the same in the two populations.","correct","it tends to have a <b><font color='red'>negative</font></b> influence on the ability to produce the sound.","the probability that this will actually influence that male's ability to produce the distinct sound is higher in the Western than in the Eastern population.","correct",3,"it tends to have a <b><font color='LimeGreen'>positive</font></b> direct influence on female birds.","the probability that this will actually influence a female bird is the same in the two populations.","correct",24,65,34,"1: male",NA,"6776ab2c40014da4b01e9d64",2025-09-26 14:32:21
3,"RaZwkkcvHqt9","1: I confirm","1: I will take it seriously","preventive","09_01","it tends to have a <b><font color='LimeGreen'>positive</font></b> influence on female birds.","the probability that this will actually influence a female bird is the same in the two populations.","correct","it tends to have a <b><font color='red'>negative</font></b> influence on the ability to produce the sound.","the probability that this will actually influence that male's ability to produce the distinct sound is higher in the Western than in the Eastern population.","correct",1,"it tends to have a <b><font color='LimeGreen'>positive</font></b> direct influence on female birds.","the probability that this will actually influence a female bird is the same in the two populations.","correct",30,30,24,"2: female",NA,"60e3a25e8be835f754795d93",2025-09-26 14:32:23
3,"HaV8ogRP0QD4","1: I confirm","1: I will take it seriously","preventive","09_01","it tends to have a <b><font color='LimeGreen'>positive</font></b> influence on female birds.","the probability that this will actually influence a female bird is the same in the two populations.","correct","it tends to have a <b><font color='red'>negative</font></b> influence on the ability to produce the sound.","the probability that this will actually influence that male's ability to produce the distinct sound is higher in the Western than in the Eastern population.","correct",1,"it tends to have a <b><font color='LimeGreen'>positive</font></b> direct influence on female birds.","the probability that this will actually influence a female bird is the same in the two populations.","correct",50,50,33,"2: female",NA,"67b66ac33531f3877b2bca29",2025-09-26 14:33:18
4,"Ux0LUW516cPz","1: I confirm","1: I will take it seriously","preventive","01_09","it tends to have a <b><font color='LimeGreen'>positive</font></b> influence on female birds.","the probability that this will actually influence a female bird is the same in the two populations.","correct","it tends to have a <b><font color='red'>negative</font></b> influence on the ability to produce the sound.","the probability that this will actually influence that male's ability to produce the distinct sound is higher in the Eastern than in the Western population.","correct",1,"it tends to have a <b><font color='LimeGreen'>positive</font></b> direct influence on female birds.","the probability that this will actually influence a female bird is the same in the two populations.","correct",30,30,45,"2: female",NA,"6727b19c12511694cfc3af0c",2025-09-26 09:36:22
4,"qSXqM4CQAE78","1: I confirm","1: I will take it seriously","preventive","01_09","it tends to have a <b><font color='LimeGreen'>positive</font></b> influence on female birds.","the probability that this will actually influence a female bird is the same in the two populations.","correct","it tends to have a <b><font color='red'>negative</font></b> influence on the ability to produce the sound.","the probability that this will actually influence that male's ability to produce the distinct sound is higher in the Eastern than in the Western population.","correct",1,"it tends to have a <b><font color='LimeGreen'>positive</font></b> direct influence on female birds.","the probability that this will actually influence a female bird is the same in the two populations.","correct",30,30,58,"2: female",NA,"663f7196a07afa04b277db38",2025-09-26 09:58:09
4,"bPSpBxNvp7M8","1: I confirm","1: I will take it seriously","preventive","01_09","it tends to have a <b><font color='LimeGreen'>positive</font></b> influence on female birds.","the probability that this will actually influence a female bird is the same in the two populations.","correct","it tends to have a <b><font color='red'>negative</font></b> influence on the ability to produce the sound.","the probability that this will actually influence that male's ability to produce the distinct sound is higher in the Eastern than in the Western population.","correct",1,"it tends to have a <b><font color='LimeGreen'>positive</font></b> direct influence on female birds.","the probability that this will actually influence a female bird is the same in the two populations.","correct",30,30,51,"1: male",NA,"66e026c3dfbcec24d430fc0b",2025-09-26 09:59:43
4,"J7Mz4poQV2OX","1: I confirm","1: I will take it seriously","preventive","01_09","it tends to have a <b><font color='LimeGreen'>positive</font></b> influence on female birds.","the probability that this will actually influence a female bird is the same in the two populations.","correct","it tends to have a <b><font color='red'>negative</font></b> influence on the ability to produce the sound.","the probability that this will actually influence that male's ability to produce the distinct sound is higher in the Eastern than in the Western population.","correct",2,"it tends to have a <b><font color='LimeGreen'>positive</font></b> direct influence on female birds.","the probability that this will actually influence a female bird is the same in the two populations.","correct",20,50,43,"1: male",NA,"63f7c60b1e096c2df51e3071",2025-09-26 10:29:46
4,"7OyYpSfc9Tq5","1: I confirm","1: I will take it seriously","preventive","01_09","it tends to have a <b><font color='LimeGreen'>positive</font></b> influence on female birds.","the probability that this will actually influence a female bird is the same in the two populations.","correct","it tends to have a <b><font color='red'>negative</font></b> influence on the ability to produce the sound.","the probability that this will actually influence that male's ability to produce the distinct sound is higher in the Eastern than in the Western population.","correct",1,"it tends to have a <b><font color='LimeGreen'>positive</font></b> direct influence on female birds.","the probability that this will actually influence a female bird is the same in the two populations.","correct",60,35,54,"1: male",NA,"5f27f6a0e13d4e05d048335f",2025-09-26 11:02:25
4,"f0YUCQF5c4N2","1: I confirm","1: I will take it seriously","preventive","01_09","it tends to have a <b><font color='LimeGreen'>positive</font></b> influence on female birds.","the probability that this will actually influence a female bird is the same in the two populations.","correct","it tends to have a <b><font color='red'>negative</font></b> influence on the ability to produce the sound.","the probability that this will actually influence that male's ability to produce the distinct sound is higher in the Eastern than in the Western population.","correct",1,"it tends to have a <b><font color='LimeGreen'>positive</font></b> direct influence on female birds.","the probability that this will actually influence a female bird is the same in the two populations.","correct",10,70,50,"2: female",NA,"56b6e2fcf2fc70000c32f9d5",2025-09-26 11:52:48
4,"4nLyX6zDnzoW","1: I confirm","1: I will take it seriously","preventive","01_09","it tends to have a <b><font color='LimeGreen'>positive</font></b> influence on female birds.","the probability that this will actually influence a female bird is the same in the two populations.","correct","it tends to have a <b><font color='red'>negative</font></b> influence on the ability to produce the sound.","the probability that this will actually influence that male's ability to produce the distinct sound is higher in the Eastern than in the Western population.","correct",1,"it tends to have a <b><font color='LimeGreen'>positive</font></b> direct influence on female birds.","the probability that this will actually influence a female bird is the same in the two populations.","correct",30,30,27,"2: female",NA,"5ef36a78ee14310baa87bcc0",2025-09-26 12:00:29
4,"AsH8WJld2SH6","1: I confirm","1: I will take it seriously","preventive","01_09","it tends to have a <b><font color='LimeGreen'>positive</font></b> influence on female birds.","the probability that this will actually influence a female bird is the same in the two populations.","correct","it tends to have a <b><font color='red'>negative</font></b> influence on the ability to produce the sound.","the probability that this will actually influence that male's ability to produce the distinct sound is higher in the Eastern than in the Western population.","correct",1,"it tends to have a <b><font color='LimeGreen'>positive</font></b> direct influence on female birds.","the probability that this will actually influence a female bird is the same in the two populations.","correct",41,58,31,"1: male",NA,"6646c6d3321a542d61cb0b98",2025-09-26 12:13:00
4,"yfoPVZZ6nANz","1: I confirm","1: I will take it seriously","preventive","01_09","it tends to have a <b><font color='LimeGreen'>positive</font></b> influence on female birds.","the probability that this will actually influence a female bird is the same in the two populations.","correct","it tends to have a <b><font color='red'>negative</font></b> influence on the ability to produce the sound.","the probability that this will actually influence that male's ability to produce the distinct sound is higher in the Eastern than in the Western population.","correct",1,"it tends to have a <b><font color='LimeGreen'>positive</font></b> direct influence on female birds.","the probability that this will actually influence a female bird is the same in the two populations.","correct",30,29,39,"2: female",NA,"6050ea8a95817a2bfddc9d09",2025-09-26 12:13:33
4,"xlBDQK5Sp8NJ","1: I confirm","1: I will take it seriously","preventive","01_09","it tends to have a <b><font color='LimeGreen'>positive</font></b> influence on female birds.","the probability that this will actually influence a female bird is the same in the two populations.","correct","it tends to have a <b><font color='red'>negative</font></b> influence on the ability to produce the sound.","the probability that this will actually influence that male's ability to produce the distinct sound is higher in the Eastern than in the Western population.","correct",1,"it tends to have a <b><font color='LimeGreen'>positive</font></b> direct influence on female birds.","the probability that this will actually influence a female bird is the same in the two populations.","correct",70,35,39,"2: female",NA,"5fae8e8b0722ba03b781d40b",2025-09-26 13:43:42
4,"DcnwE4AR9Tto","1: I confirm","1: I will take it seriously","preventive","01_09","it tends to have a <b><font color='LimeGreen'>positive</font></b> influence on female birds.","the probability that this will actually influence a female bird is the same in the two populations.","correct","it tends to have a <b><font color='red'>negative</font></b> influence on the ability to produce the sound.","the probability that this will actually influence that male's ability to produce the distinct sound is higher in the Eastern than in the Western population.","correct",1,"it tends to have a <b><font color='LimeGreen'>positive</font></b> direct influence on female birds.","the probability that this will actually influence a female bird is the same in the two populations.","correct",45,72,33,"1: male",NA,"62e023ae6d022e4d7bfc5db1",2025-09-26 13:45:22
4,"aPEJmfBqKyyB","1: I confirm","1: I will take it seriously","preventive","01_09","it tends to have a <b><font color='LimeGreen'>positive</font></b> influence on female birds.","the probability that this will actually influence a female bird is the same in the two populations.","correct","it tends to have a <b><font color='red'>negative</font></b> influence on the ability to produce the sound.","the probability that this will actually influence that male's ability to produce the distinct sound is higher in the Eastern than in the Western population.","correct",1,"it tends to have a <b><font color='LimeGreen'>positive</font></b> direct influence on female birds.","the probability that this will actually influence a female bird is the same in the two populations.","correct",80,80,44,"2: female",NA,"5a91756d6475f900019f90f1",2025-09-26 13:45:29
4,"hppc4x7ekSTB","1: I confirm","1: I will take it seriously","preventive","01_09","it tends to have a <b><font color='LimeGreen'>positive</font></b> influence on female birds.","the probability that this will actually influence a female bird is the same in the two populations.","correct","it tends to have a <b><font color='red'>negative</font></b> influence on the ability to produce the sound.","the probability that this will actually influence that male's ability to produce the distinct sound is higher in the Eastern than in the Western population.","correct",2,"it tends to have a <b><font color='LimeGreen'>positive</font></b> direct influence on female birds.","the probability that this will actually influence a female bird is the same in the two populations.","correct",80,35,31,"1: male","no issues","5e92178e8ee4fe54b65b7c39",2025-09-26 13:52:17
4,"zdXtfStF0rSe","1: I confirm","1: I will take it seriously","preventive","01_09","it tends to have a <b><font color='LimeGreen'>positive</font></b> influence on female birds.","the probability that this will actually influence a female bird is the same in the two populations.","correct","it tends to have a <b><font color='red'>negative</font></b> influence on the ability to produce the sound.","the probability that this will actually influence that male's ability to produce the distinct sound is higher in the Eastern than in the Western population.","correct",1,"it tends to have a <b><font color='LimeGreen'>positive</font></b> direct influence on female birds.","the probability that this will actually influence a female bird is the same in the two populations.","correct",50,50,36,"1: male",NA,"57aa0bdb9ff3e900014135d9",2025-09-26 14:07:38
4,"hnulIclYI4qS","1: I confirm","1: I will take it seriously","preventive","01_09","it tends to have a <b><font color='LimeGreen'>positive</font></b> influence on female birds.","the probability that this will actually influence a female bird is the same in the two populations.","correct","it tends to have a <b><font color='red'>negative</font></b> influence on the ability to produce the sound.","the probability that this will actually influence that male's ability to produce the distinct sound is higher in the Eastern than in the Western population.","correct",1,"it tends to have a <b><font color='LimeGreen'>positive</font></b> direct influence on female birds.","the probability that this will actually influence a female bird is the same in the two populations.","correct",30,30,46,"2: female",NA,"5eace152e25d6800091dd418",2025-09-26 14:16:14
4,"NbuFKWKnt5MB","1: I confirm","1: I will take it seriously","preventive","01_09","it tends to have a <b><font color='LimeGreen'>positive</font></b> influence on female birds.","the probability that this will actually influence a female bird is the same in the two populations.","correct","it tends to have a <b><font color='red'>negative</font></b> influence on the ability to produce the sound.","the probability that this will actually influence that male's ability to produce the distinct sound is higher in the Eastern than in the Western population.","correct",2,"it tends to have a <b><font color='LimeGreen'>positive</font></b> direct influence on female birds.","the probability that this will actually influence a female bird is the same in the two populations.","correct",90,90,38,"1: male",NA,"62b055edf6ce67b0502628ed",2025-09-26 14:32:13
4,"ZnxNz7obGTjx","1: I confirm","1: I will take it seriously","preventive","01_09","it tends to have a <b><font color='LimeGreen'>positive</font></b> influence on female birds.","the probability that this will actually influence a female bird is the same in the two populations.","correct","it tends to have a <b><font color='red'>negative</font></b> influence on the ability to produce the sound.","the probability that this will actually influence that male's ability to produce the distinct sound is higher in the Eastern than in the Western population.","correct",1,"it tends to have a <b><font color='LimeGreen'>positive</font></b> direct influence on female birds.","the probability that this will actually influence a female bird is the same in the two populations.","correct",50,80,21,"1: male",NA,"650c3ea3bb7f3b500e2db7a1",2025-09-26 14:32:14
4,"lgab3GLthaeF","1: I confirm","1: I will take it seriously","preventive","01_09","it tends to have a <b><font color='LimeGreen'>positive</font></b> influence on female birds.","the probability that this will actually influence a female bird is the same in the two populations.","correct","it tends to have a <b><font color='red'>negative</font></b> influence on the ability to produce the sound.","the probability that this will actually influence that male's ability to produce the distinct sound is higher in the Eastern than in the Western population.","correct",1,"it tends to have a <b><font color='LimeGreen'>positive</font></b> direct influence on female birds.","the probability that this will actually influence a female bird is the same in the two populations.","correct",30,30,51,"1: male",NA,"66d1fdd400acfdbc181f41e0",2025-09-26 14:32:20
4,"hUvEqZ8UsCaC","1: I confirm","1: I will take it seriously","preventive","01_09","it tends to have a <b><font color='LimeGreen'>positive</font></b> influence on female birds.","the probability that this will actually influence a female bird is the same in the two populations.","correct","it tends to have a <b><font color='red'>negative</font></b> influence on the ability to produce the sound.","the probability that this will actually influence that male's ability to produce the distinct sound is higher in the Eastern than in the Western population.","correct",1,"it tends to have a <b><font color='LimeGreen'>positive</font></b> direct influence on female birds.","the probability that this will actually influence a female bird is the same in the two populations.","correct",30,30,45,"1: male",NA,"6329c13285c93cafdf51ed77",2025-09-26 15:59:58
4,"X856VR72OWZN","1: I confirm","1: I will take it seriously","preventive","01_09","it tends to have a <b><font color='LimeGreen'>positive</font></b> influence on female birds.","the probability that this will actually influence a female bird is the same in the two populations.","correct","it tends to have a <b><font color='red'>negative</font></b> influence on the ability to produce the sound.","the probability that this will actually influence that male's ability to produce the distinct sound is higher in the Eastern than in the Western population.","correct",1,"it tends to have a <b><font color='LimeGreen'>positive</font></b> direct influence on female birds.","the probability that this will actually influence a female bird is the same in the two populations.","correct",30,30,63,"2: female",NA,"66e484aa361904c9801c6837",2025-09-26 15:59:59
2,"L9nUGmZw9447","1: I confirm","1: I will take it seriously","generative","01_09","it tends to have a <b><font color='LimeGreen'>positive</font></b> influence on female birds.","the probability that this will actually influence a female bird is the same in the two populations.","correct","it tends to have a <b><font color='LimeGreen'>positive</font></b> influence on the ability to produce the sound.","the probability that this will actually influence that male's ability to produce the distinct sound is higher in the Eastern than in the Western population.","correct",9,"it tends to have a <b><font color='LimeGreen'>positive</font></b> direct influence on female birds.","the probability that this will actually influence a female bird is the same in the two populations.","correct",75,80,35,"1: male",NA,"67919517904684e49fc1556b",2025-09-26 12:24:49
3,"OpIagCS1BiTK","1: I confirm","1: I will take it seriously","preventive","09_01","it tends to have a <b><font color='LimeGreen'>positive</font></b> influence on female birds.","the probability that this will actually influence a female bird is the same in the two populations.","correct","it tends to have a <b><font color='red'>negative</font></b> influence on the ability to produce the sound.","the probability that this will actually influence that male's ability to produce the distinct sound is higher in the Western than in the Eastern population.","correct",4,"it tends to have a <b><font color='LimeGreen'>positive</font></b> direct influence on female birds.","the probability that this will actually influence a female bird is the same in the two populations.","correct",10,90,47,"1: male",NA,"59cff8eed227970001199862",2025-09-26 10:12:25
1,"XQQfSyueanzW","1: I confirm","1: I will take it seriously","generative","09_01","it tends to have a <b><font color='LimeGreen'>positive</font></b> influence on female birds.","the probability that this will actually influence a female bird is the same in the two populations.","correct","it tends to have a <b><font color='LimeGreen'>positive</font></b> influence on the ability to produce the sound.","the probability that this will actually influence that male's ability to produce the distinct sound is higher in the Western than in the Eastern population.","correct",4,"it tends to have a <b><font color='LimeGreen'>positive</font></b> direct influence on female birds.","the probability that this will actually influence a female bird is the same in the two populations.","correct",55,62,36,"1: male",NA,"5b22d5a51eef1b00016f3bbf",2025-09-26 15:57:57
3,"dQlOejDCXwlE","1: I confirm","1: I will take it seriously","preventive","09_01","it tends to have a <b><font color='LimeGreen'>positive</font></b> influence on female birds.","the probability that this will actually influence a female bird is the same in the two populations.","correct","it tends to have a <b><font color='red'>negative</font></b> influence on the ability to produce the sound.","the probability that this will actually influence that male's ability to produce the distinct sound is higher in the Western than in the Eastern population.","correct",7,"it tends to have a <b><font color='LimeGreen'>positive</font></b> direct influence on female birds.","the probability that this will actually influence a female bird is the same in the two populations.","correct",80,30,40,"1: male",NA,"6686a8cc26fd5dc90b7f4389",2025-09-26 15:47:37
4,"tTgt20ed9Suf","1: I confirm","1: I will take it seriously","preventive","01_09","it tends to have a <b><font color='LimeGreen'>positive</font></b> influence on female birds.","the probability that this will actually influence a female bird is the same in the two populations.","correct","it tends to have a <b><font color='red'>negative</font></b> influence on the ability to produce the sound.","the probability that this will actually influence that male's ability to produce the distinct sound is higher in the Eastern than in the Western population.","correct",9,"it tends to have a <b><font color='LimeGreen'>positive</font></b> direct influence on female birds.","the probability that this will actually influence a female bird is the same in the two populations.","correct",56,38,27,"1: male","There were no technical errors in the study hence it was good.","67690558cb727baa2375ecba",2025-09-26 10:37:36
3,"yEkx1XfrJzSP","1: I confirm","1: I will take it seriously","preventive","09_01","it tends to have a <b><font color='LimeGreen'>positive</font></b> influence on female birds.","the probability that this will actually influence a female bird is the same in the two populations.","correct","it tends to have a <b><font color='red'>negative</font></b> influence on the ability to produce the sound.","the probability that this will actually influence that male's ability to produce the distinct sound is higher in the Western than in the Eastern population.","correct",4,"it tends to have a <b><font color='LimeGreen'>positive</font></b> direct influence on female birds.","the probability that this will actually influence a female bird is the same in the two populations.","correct",50,50,31,"1: male",NA,"5b90a114f0a0970001f6dd6e",2025-09-26 10:05:19
